,obsHistID,long_filter,expMJD,fieldID,fieldRA,fieldDec,fiveSigmaDepth,EBV_MW,zp
0,127633,LSST_g,59753.208268,1000,5.718053,-0.674641,24.241311,0.02204187731895163,20.80042234244885
1,127670,LSST_g,59753.225609,1000,5.718053,-0.674641,24.160844,0.02204187731895163,20.80042234244885
2,136947,LSST_z,59769.276675,1000,5.718053,-0.674641,23.21587,0.02204187731895163,22.098458212867378
3,136993,LSST_z,59769.299544,1000,5.718053,-0.674641,23.36435,0.02204187731895163,22.098458212867378
4,137990,LSST_y,59770.268672,1000,5.718053,-0.674641,21.767917,0.02204187731895163,22.33345052774694
5,141215,LSST_y,59773.276647,1000,5.718053,-0.674641,21.812779,0.02204187731895163,22.33345052774694
6,141222,LSST_y,59773.279951,1000,5.718053,-0.674641,21.839962,0.02204187731895163,22.33345052774694
7,141392,LSST_y,59773.357515,1000,5.718053,-0.674641,21.876416,0.02204187731895163,22.33345052774694
8,145484,LSST_y,59777.305047,1000,5.718053,-0.674641,21.064121,0.02204187731895163,22.33345052774694
9,145487,LSST_y,59777.317169,1000,5.718053,-0.674641,21.145411,0.02204187731895163,22.33345052774694
10,145520,LSST_y,59777.332157,1000,5.718053,-0.674641,21.072341,0.02204187731895163,22.33345052774694
11,145538,LSST_y,59777.340344,1000,5.718053,-0.674641,21.073982,0.02204187731895163,22.33345052774694
12,145756,LSST_y,59777.438488,1000,5.718053,-0.674641,21.237192,0.02204187731895163,22.33345052774694
13,146825,LSST_y,59778.441222,1000,5.718053,-0.674641,20.909705,0.02204187731895163,22.33345052774694
14,147453,LSST_z,59779.248287,1000,5.718053,-0.674641,22.534023,0.02204187731895163,22.098458212867378
15,147489,LSST_z,59779.265844,1000,5.718053,-0.674641,22.527325,0.02204187731895163,22.098458212867378
16,159085,LSST_u,59791.108313,1000,5.718053,-0.674641,23.049245,0.02204187731895163,20.22199548943686
17,159985,LSST_r,59793.117837,1000,5.718053,-0.674641,23.857941,0.02204187731895163,21.362977237419194
18,160024,LSST_r,59793.1384,1000,5.718053,-0.674641,24.091621,0.02204187731895163,21.362977237419194
19,160178,LSST_i,59793.255909,1000,5.718053,-0.674641,23.492241,0.02204187731895163,21.788095142392795
20,160228,LSST_i,59793.282932,1000,5.718053,-0.674641,23.431922,0.02204187731895163,21.788095142392795
21,165456,LSST_z,59801.193545,1000,5.718053,-0.674641,22.185541,0.02204187731895163,22.098458212867378
22,165490,LSST_z,59801.209276,1000,5.718053,-0.674641,22.068655,0.02204187731895163,22.098458212867378
23,169363,LSST_y,59805.135807,1000,5.718053,-0.674641,21.98615,0.02204187731895163,22.33345052774694
24,172142,LSST_g,59808.070087,1000,5.718053,-0.674641,24.651557,0.02204187731895163,20.80042234244885
25,172175,LSST_g,59808.08544,1000,5.718053,-0.674641,24.763804,0.02204187731895163,20.80042234244885
26,173301,LSST_r,59809.187077,1000,5.718053,-0.674641,24.473231,0.02204187731895163,21.362977237419194
27,173343,LSST_r,59809.207529,1000,5.718053,-0.674641,24.476627,0.02204187731895163,21.362977237419194
28,176998,LSST_i,59813.162779,1000,5.718053,-0.674641,23.812015,0.02204187731895163,21.788095142392795
29,177040,LSST_i,59813.182313,1000,5.718053,-0.674641,23.818409,0.02204187731895163,21.788095142392795
30,178501,LSST_u,59818.043509,1000,5.718053,-0.674641,23.204968,0.02204187731895163,20.22199548943686
31,181716,LSST_r,59821.199242,1000,5.718053,-0.674641,24.430987,0.02204187731895163,21.362977237419194
32,181765,LSST_r,59821.224506,1000,5.718053,-0.674641,24.467402,0.02204187731895163,21.362977237419194
33,184579,LSST_i,59824.219938,1000,5.718053,-0.674641,23.683771,0.02204187731895163,21.788095142392795
34,184624,LSST_i,59824.242865,1000,5.718053,-0.674641,23.852036,0.02204187731895163,21.788095142392795
35,185076,LSST_z,59825.01714,1000,5.718053,-0.674641,22.943985,0.02204187731895163,22.098458212867378
36,185103,LSST_z,59825.029388,1000,5.718053,-0.674641,22.711492,0.02204187731895163,22.098458212867378
37,187047,LSST_z,59827.053598,1000,5.718053,-0.674641,22.581675,0.02204187731895163,22.098458212867378
38,187085,LSST_z,59827.071755,1000,5.718053,-0.674641,22.587745,0.02204187731895163,22.098458212867378
39,189752,LSST_r,59835.005203,1000,5.718053,-0.674641,24.473766,0.02204187731895163,21.362977237419194
40,189785,LSST_r,59835.02011,1000,5.718053,-0.674641,24.173047,0.02204187731895163,21.362977237419194
41,196039,LSST_i,59843.010977,1000,5.718053,-0.674641,23.953548,0.02204187731895163,21.788095142392795
42,196069,LSST_i,59843.024586,1000,5.718053,-0.674641,23.845983,0.02204187731895163,21.788095142392795
43,200548,LSST_u,59851.125039,1000,5.718053,-0.674641,23.337664,0.02204187731895163,20.22199548943686
44,201150,LSST_y,59852.985053,1000,5.718053,-0.674641,21.534816,0.02204187731895163,22.33345052774694
45,206661,LSST_y,59860.049891,1000,5.718053,-0.674641,21.75529,0.02204187731895163,22.33345052774694
46,206686,LSST_y,59860.061782,1000,5.718053,-0.674641,21.666861,0.02204187731895163,22.33345052774694
47,206706,LSST_y,59860.071114,1000,5.718053,-0.674641,21.798349,0.02204187731895163,22.33345052774694
48,209387,LSST_z,59863.113173,1000,5.718053,-0.674641,22.78979,0.02204187731895163,22.098458212867378
49,209419,LSST_z,59863.128519,1000,5.718053,-0.674641,22.726735,0.02204187731895163,22.098458212867378
50,210280,LSST_i,59864.143153,1000,5.718053,-0.674641,23.184935,0.02204187731895163,21.788095142392795
51,213437,LSST_r,59869.102934,1000,5.718053,-0.674641,24.477389,0.02204187731895163,21.362977237419194
52,213471,LSST_r,59869.120981,1000,5.718053,-0.674641,24.383183,0.02204187731895163,21.362977237419194
53,224540,LSST_i,59883.0581,1000,5.718053,-0.674641,23.889503,0.02204187731895163,21.788095142392795
54,224586,LSST_i,59883.080857,1000,5.718053,-0.674641,23.794943,0.02204187731895163,21.788095142392795
55,235821,LSST_u,59905.081268,1000,5.718053,-0.674641,22.86838,0.02204187731895163,20.22199548943686
56,245856,LSST_z,59919.039165,1000,5.718053,-0.674641,21.918729,0.02204187731895163,22.098458212867378
57,245904,LSST_z,59919.061256,1000,5.718053,-0.674641,22.17375,0.02204187731895163,22.098458212867378
58,333428,LSST_z,60042.408815,1000,5.718053,-0.674641,21.943087,0.02204187731895163,22.098458212867378
59,340169,LSST_i,60052.385881,1000,5.718053,-0.674641,23.62855,0.02204187731895163,21.788095142392795
60,340200,LSST_i,60052.400663,1000,5.718053,-0.674641,23.695654,0.02204187731895163,21.788095142392795
61,342575,LSST_g,60055.383542,1000,5.718053,-0.674641,24.676993,0.02204187731895163,20.80042234244885
62,342627,LSST_g,60055.407635,1000,5.718053,-0.674641,22.89161,0.02204187731895163,20.80042234244885
63,346475,LSST_i,60059.362828,1000,5.718053,-0.674641,23.450838,0.02204187731895163,21.788095142392795
64,346498,LSST_i,60059.373768,1000,5.718053,-0.674641,23.531777,0.02204187731895163,21.788095142392795
65,354340,LSST_z,60067.378251,1000,5.718053,-0.674641,22.742747,0.02204187731895163,22.098458212867378
66,354371,LSST_z,60067.392765,1000,5.718053,-0.674641,23.077223,0.02204187731895163,22.098458212867378
67,355435,LSST_y,60068.403609,1000,5.718053,-0.674641,21.269355,0.02204187731895163,22.33345052774694
68,356337,LSST_z,60069.343747,1000,5.718053,-0.674641,22.272232,0.02204187731895163,22.098458212867378
69,356369,LSST_z,60069.358321,1000,5.718053,-0.674641,22.287354,0.02204187731895163,22.098458212867378
70,357371,LSST_z,60070.352077,1000,5.718053,-0.674641,22.428182,0.02204187731895163,22.098458212867378
71,357398,LSST_z,60070.364344,1000,5.718053,-0.674641,22.514917,0.02204187731895163,22.098458212867378
72,357413,LSST_z,60070.371075,1000,5.718053,-0.674641,22.553235,0.02204187731895163,22.098458212867378
73,357447,LSST_z,60070.387207,1000,5.718053,-0.674641,22.709897,0.02204187731895163,22.098458212867378
74,363544,LSST_r,60082.375972,1000,5.718053,-0.674641,24.410076,0.02204187731895163,21.362977237419194
75,363575,LSST_r,60082.390064,1000,5.718053,-0.674641,24.459878,0.02204187731895163,21.362977237419194
76,364401,LSST_r,60083.291643,1000,5.718053,-0.674641,24.162938,0.02204187731895163,21.362977237419194
77,364423,LSST_r,60083.301615,1000,5.718053,-0.674641,24.049206,0.02204187731895163,21.362977237419194
78,365781,LSST_r,60085.310925,1000,5.718053,-0.674641,24.161648,0.02204187731895163,21.362977237419194
79,365816,LSST_r,60085.32918,1000,5.718053,-0.674641,24.396394,0.02204187731895163,21.362977237419194
80,369408,LSST_y,60095.297498,1000,5.718053,-0.674641,21.464203,0.02204187731895163,22.33345052774694
81,369521,LSST_i,60095.351709,1000,5.718053,-0.674641,23.087019,0.02204187731895163,21.788095142392795
82,369558,LSST_i,60095.368523,1000,5.718053,-0.674641,23.576278,0.02204187731895163,21.788095142392795
83,370420,LSST_y,60096.267991,1000,5.718053,-0.674641,21.371076,0.02204187731895163,22.33345052774694
84,370422,LSST_y,60096.268886,1000,5.718053,-0.674641,21.394108,0.02204187731895163,22.33345052774694
85,376338,LSST_u,60118.221938,1000,5.718053,-0.674641,23.071815,0.02204187731895163,20.22199548943686
86,377990,LSST_g,60120.249536,1000,5.718053,-0.674641,24.475397,0.02204187731895163,20.80042234244885
87,378021,LSST_g,60120.263831,1000,5.718053,-0.674641,24.29133,0.02204187731895163,20.80042234244885
88,382055,LSST_y,60124.180728,1000,5.718053,-0.674641,21.174055,0.02204187731895163,22.33345052774694
89,382059,LSST_y,60124.182514,1000,5.718053,-0.674641,21.100238,0.02204187731895163,22.33345052774694
90,382070,LSST_y,60124.187615,1000,5.718053,-0.674641,21.071818,0.02204187731895163,22.33345052774694
91,382081,LSST_y,60124.192536,1000,5.718053,-0.674641,21.250422,0.02204187731895163,22.33345052774694
92,383142,LSST_z,60125.1982,1000,5.718053,-0.674641,22.609351,0.02204187731895163,22.098458212867378
93,383165,LSST_z,60125.208519,1000,5.718053,-0.674641,22.555365,0.02204187731895163,22.098458212867378
94,384173,LSST_z,60126.185175,1000,5.718053,-0.674641,22.387744,0.02204187731895163,22.098458212867378
95,384216,LSST_z,60126.205101,1000,5.718053,-0.674641,22.252817,0.02204187731895163,22.098458212867378
96,391650,LSST_i,60133.428596,1000,5.718053,-0.674641,21.771699,0.02204187731895163,21.788095142392795
97,393187,LSST_i,60138.167579,1000,5.718053,-0.674641,23.159204,0.02204187731895163,21.788095142392795
98,393216,LSST_i,60138.180694,1000,5.718053,-0.674641,23.203256,0.02204187731895163,21.788095142392795
99,394816,LSST_u,60140.17864,1000,5.718053,-0.674641,23.340503,0.02204187731895163,20.22199548943686
100,396805,LSST_i,60142.150578,1000,5.718053,-0.674641,23.083959,0.02204187731895163,21.788095142392795
101,396841,LSST_i,60142.168021,1000,5.718053,-0.674641,23.272779,0.02204187731895163,21.788095142392795
102,398845,LSST_g,60144.1433,1000,5.718053,-0.674641,24.264526,0.02204187731895163,20.80042234244885
103,398889,LSST_g,60144.166209,1000,5.718053,-0.674641,24.525602,0.02204187731895163,20.80042234244885
104,399845,LSST_u,60145.136787,1000,5.718053,-0.674641,23.092407,0.02204187731895163,20.22199548943686
105,401245,LSST_r,60147.211358,1000,5.718053,-0.674641,24.235122,0.02204187731895163,21.362977237419194
106,401291,LSST_r,60147.234016,1000,5.718053,-0.674641,24.482606,0.02204187731895163,21.362977237419194
107,408591,LSST_z,60160.184777,1000,5.718053,-0.674641,22.421018,0.02204187731895163,22.098458212867378
108,408625,LSST_z,60160.2002,1000,5.718053,-0.674641,22.54259,0.02204187731895163,22.098458212867378
109,412392,LSST_r,60164.09196,1000,5.718053,-0.674641,24.174776,0.02204187731895163,21.362977237419194
110,412432,LSST_r,60164.112969,1000,5.718053,-0.674641,23.94993,0.02204187731895163,21.362977237419194
111,415399,LSST_i,60168.118996,1000,5.718053,-0.674641,23.952819,0.02204187731895163,21.788095142392795
112,416237,LSST_r,60169.054745,1000,5.718053,-0.674641,24.148611,0.02204187731895163,21.362977237419194
113,416265,LSST_r,60169.067547,1000,5.718053,-0.674641,23.970276,0.02204187731895163,21.362977237419194
114,416281,LSST_r,60169.075724,1000,5.718053,-0.674641,23.995363,0.02204187731895163,21.362977237419194
115,416306,LSST_r,60169.087688,1000,5.718053,-0.674641,24.263684,0.02204187731895163,21.362977237419194
116,417490,LSST_u,60176.07604,1000,5.718053,-0.674641,23.070896,0.02204187731895163,20.22199548943686
117,427952,LSST_i,60193.053428,1000,5.718053,-0.674641,23.766958,0.02204187731895163,21.788095142392795
118,427996,LSST_i,60193.077298,1000,5.718053,-0.674641,23.899921,0.02204187731895163,21.788095142392795
119,429650,LSST_g,60196.034582,1000,5.718053,-0.674641,24.415489,0.02204187731895163,20.80042234244885
120,429681,LSST_g,60196.049507,1000,5.718053,-0.674641,24.607224,0.02204187731895163,20.80042234244885
121,430475,LSST_y,60196.996337,1000,5.718053,-0.674641,21.075959,0.02204187731895163,22.33345052774694
122,434332,LSST_z,60201.980701,1000,5.718053,-0.674641,22.124998,0.02204187731895163,22.098458212867378
123,434368,LSST_z,60201.997101,1000,5.718053,-0.674641,23.05658,0.02204187731895163,22.098458212867378
124,438684,LSST_r,60209.020237,1000,5.718053,-0.674641,24.128551,0.02204187731895163,21.362977237419194
125,438706,LSST_r,60209.030189,1000,5.718053,-0.674641,24.200048,0.02204187731895163,21.362977237419194
126,445124,LSST_y,60217.983156,1000,5.718053,-0.674641,21.033448,0.02204187731895163,22.33345052774694
127,458007,LSST_y,60241.99553,1000,5.718053,-0.674641,21.499616,0.02204187731895163,22.33345052774694
128,458043,LSST_y,60242.01181,1000,5.718053,-0.674641,21.575729,0.02204187731895163,22.33345052774694
129,458048,LSST_y,60242.014064,1000,5.718053,-0.674641,21.61936,0.02204187731895163,22.33345052774694
130,458127,LSST_y,60242.050277,1000,5.718053,-0.674641,21.829446,0.02204187731895163,22.33345052774694
131,460656,LSST_y,60245.118387,1000,5.718053,-0.674641,21.635753,0.02204187731895163,22.33345052774694
132,474153,LSST_y,60272.066972,1000,5.718053,-0.674641,21.757701,0.02204187731895163,22.33345052774694
133,478493,LSST_z,60278.020516,1000,5.718053,-0.674641,22.125968,0.02204187731895163,22.098458212867378
134,478525,LSST_z,60278.035019,1000,5.718053,-0.674641,22.018771,0.02204187731895163,22.098458212867378
135,566932,LSST_i,60416.392876,1000,5.718053,-0.674641,23.767004,0.02204187731895163,21.788095142392795
136,568341,LSST_i,60419.378449,1000,5.718053,-0.674641,23.67331,0.02204187731895163,21.788095142392795
137,568390,LSST_i,60419.40102,1000,5.718053,-0.674641,23.787657,0.02204187731895163,21.788095142392795
138,571218,LSST_y,60423.375503,1000,5.718053,-0.674641,21.263639,0.02204187731895163,22.33345052774694
139,571222,LSST_y,60423.377295,1000,5.718053,-0.674641,21.270803,0.02204187731895163,22.33345052774694
140,572036,LSST_y,60425.413482,1000,5.718053,-0.674641,21.679963,0.02204187731895163,22.33345052774694
141,573005,LSST_z,60426.395145,1000,5.718053,-0.674641,22.443656,0.02204187731895163,22.098458212867378
142,573045,LSST_z,60426.413347,1000,5.718053,-0.674641,22.00516,0.02204187731895163,22.098458212867378
143,574198,LSST_y,60428.354131,1000,5.718053,-0.674641,21.470081,0.02204187731895163,22.33345052774694
144,574214,LSST_y,60428.361281,1000,5.718053,-0.674641,21.500257,0.02204187731895163,22.33345052774694
145,574218,LSST_y,60428.363072,1000,5.718053,-0.674641,21.507462,0.02204187731895163,22.33345052774694
146,578157,LSST_z,60434.42829,1000,5.718053,-0.674641,22.26375,0.02204187731895163,22.098458212867378
147,579092,LSST_u,60436.378351,1000,5.718053,-0.674641,22.985516,0.02204187731895163,20.22199548943686
148,581220,LSST_g,60443.314712,1000,5.718053,-0.674641,24.301774,0.02204187731895163,20.80042234244885
149,581257,LSST_g,60443.332035,1000,5.718053,-0.674641,24.399303,0.02204187731895163,20.80042234244885
150,583358,LSST_r,60445.387137,1000,5.718053,-0.674641,24.230049,0.02204187731895163,21.362977237419194
151,583395,LSST_r,60445.405171,1000,5.718053,-0.674641,24.26619,0.02204187731895163,21.362977237419194
152,584197,LSST_i,60446.306147,1000,5.718053,-0.674641,23.13945,0.02204187731895163,21.788095142392795
153,584241,LSST_i,60446.328019,1000,5.718053,-0.674641,23.249345,0.02204187731895163,21.788095142392795
154,594588,LSST_r,60463.339549,1000,5.718053,-0.674641,24.207159,0.02204187731895163,21.362977237419194
155,594631,LSST_r,60463.359271,1000,5.718053,-0.674641,24.236283,0.02204187731895163,21.362977237419194
156,596553,LSST_u,60465.2613,1000,5.718053,-0.674641,23.084443,0.02204187731895163,20.22199548943686
157,606194,LSST_r,60490.188442,1000,5.718053,-0.674641,23.845755,0.02204187731895163,21.362977237419194
158,606232,LSST_r,60490.205763,1000,5.718053,-0.674641,23.956411,0.02204187731895163,21.362977237419194
159,606266,LSST_r,60490.221203,1000,5.718053,-0.674641,23.97038,0.02204187731895163,21.362977237419194
160,606294,LSST_r,60490.235995,1000,5.718053,-0.674641,24.012298,0.02204187731895163,21.362977237419194
161,607281,LSST_g,60491.221679,1000,5.718053,-0.674641,24.049188,0.02204187731895163,20.80042234244885
162,607315,LSST_g,60491.238852,1000,5.718053,-0.674641,24.053647,0.02204187731895163,20.80042234244885
163,610264,LSST_r,60494.180892,1000,5.718053,-0.674641,24.163057,0.02204187731895163,21.362977237419194
164,610308,LSST_r,60494.201605,1000,5.718053,-0.674641,24.264045,0.02204187731895163,21.362977237419194
165,614155,LSST_i,60498.184948,1000,5.718053,-0.674641,23.296268,0.02204187731895163,21.788095142392795
166,614200,LSST_i,60498.206068,1000,5.718053,-0.674641,23.38274,0.02204187731895163,21.788095142392795
167,617261,LSST_r,60501.162799,1000,5.718053,-0.674641,24.119597,0.02204187731895163,21.362977237419194
168,617305,LSST_r,60501.182999,1000,5.718053,-0.674641,24.217339,0.02204187731895163,21.362977237419194
169,621519,LSST_i,60506.188132,1000,5.718053,-0.674641,23.219391,0.02204187731895163,21.788095142392795
170,621549,LSST_i,60506.201624,1000,5.718053,-0.674641,23.284515,0.02204187731895163,21.788095142392795
171,622621,LSST_z,60507.209015,1000,5.718053,-0.674641,22.288841,0.02204187731895163,22.098458212867378
172,622672,LSST_z,60507.234664,1000,5.718053,-0.674641,22.380468,0.02204187731895163,22.098458212867378
173,623516,LSST_y,60508.131885,1000,5.718053,-0.674641,21.279688,0.02204187731895163,22.33345052774694
174,623535,LSST_y,60508.140433,1000,5.718053,-0.674641,21.316958,0.02204187731895163,22.33345052774694
175,624311,LSST_z,60509.156567,1000,5.718053,-0.674641,22.325659,0.02204187731895163,22.098458212867378
176,624352,LSST_z,60509.176297,1000,5.718053,-0.674641,22.409496,0.02204187731895163,22.098458212867378
177,629787,LSST_y,60515.305616,1000,5.718053,-0.674641,21.456704,0.02204187731895163,22.33345052774694
178,630218,LSST_r,60517.155601,1000,5.718053,-0.674641,23.566256,0.02204187731895163,21.362977237419194
179,630871,LSST_i,60518.126123,1000,5.718053,-0.674641,23.475623,0.02204187731895163,21.788095142392795
180,630909,LSST_i,60518.144261,1000,5.718053,-0.674641,23.42338,0.02204187731895163,21.788095142392795
181,631853,LSST_r,60520.103286,1000,5.718053,-0.674641,23.879733,0.02204187731895163,21.362977237419194
182,631901,LSST_r,60520.125372,1000,5.718053,-0.674641,23.993971,0.02204187731895163,21.362977237419194
183,633159,LSST_u,60524.09617,1000,5.718053,-0.674641,22.952569,0.02204187731895163,20.22199548943686
184,634154,LSST_u,60525.092934,1000,5.718053,-0.674641,22.771595,0.02204187731895163,20.22199548943686
185,634168,LSST_u,60525.099239,1000,5.718053,-0.674641,22.816329,0.02204187731895163,20.22199548943686
186,636391,LSST_g,60529.12873,1000,5.718053,-0.674641,24.644305,0.02204187731895163,20.80042234244885
187,636423,LSST_g,60529.145793,1000,5.718053,-0.674641,24.700026,0.02204187731895163,20.80042234244885
188,641588,LSST_i,60535.086262,1000,5.718053,-0.674641,23.151857,0.02204187731895163,21.788095142392795
189,641629,LSST_i,60535.105618,1000,5.718053,-0.674641,23.235441,0.02204187731895163,21.788095142392795
190,643967,LSST_z,60538.061191,1000,5.718053,-0.674641,22.404225,0.02204187731895163,22.098458212867378
191,644000,LSST_z,60538.078139,1000,5.718053,-0.674641,22.486099,0.02204187731895163,22.098458212867378
192,650702,LSST_i,60545.313888,1000,5.718053,-0.674641,23.245273,0.02204187731895163,21.788095142392795
193,651087,LSST_g,60546.035555,1000,5.718053,-0.674641,24.271091,0.02204187731895163,20.80042234244885
194,651117,LSST_g,60546.049244,1000,5.718053,-0.674641,24.347918,0.02204187731895163,20.80042234244885
195,654931,LSST_r,60550.036957,1000,5.718053,-0.674641,24.091052,0.02204187731895163,21.362977237419194
196,654968,LSST_r,60550.054145,1000,5.718053,-0.674641,24.168928,0.02204187731895163,21.362977237419194
197,658731,LSST_i,60556.014129,1000,5.718053,-0.674641,23.442825,0.02204187731895163,21.788095142392795
198,658778,LSST_i,60556.037098,1000,5.718053,-0.674641,23.548606,0.02204187731895163,21.788095142392795
199,658800,LSST_i,60556.047879,1000,5.718053,-0.674641,23.590299,0.02204187731895163,21.788095142392795
200,658830,LSST_i,60556.0621,1000,5.718053,-0.674641,23.638124,0.02204187731895163,21.788095142392795
201,659673,LSST_u,60557.00725,1000,5.718053,-0.674641,23.280772,0.02204187731895163,20.22199548943686
202,666584,LSST_y,60570.009137,1000,5.718053,-0.674641,21.78591,0.02204187731895163,22.33345052774694
203,666618,LSST_y,60570.024428,1000,5.718053,-0.674641,21.824033,0.02204187731895163,22.33345052774694
204,666766,LSST_y,60570.090645,1000,5.718053,-0.674641,21.915962,0.02204187731895163,22.33345052774694
205,667846,LSST_y,60571.146519,1000,5.718053,-0.674641,21.911702,0.02204187731895163,22.33345052774694
206,670213,LSST_y,60574.992673,1000,5.718053,-0.674641,21.563273,0.02204187731895163,22.33345052774694
207,672861,LSST_y,60579.997438,1000,5.718053,-0.674641,21.258031,0.02204187731895163,22.33345052774694
208,687943,LSST_z,60598.084852,1000,5.718053,-0.674641,22.344054,0.02204187731895163,22.098458212867378
209,687975,LSST_z,60598.100458,1000,5.718053,-0.674641,22.316642,0.02204187731895163,22.098458212867378
210,687994,LSST_z,60598.109916,1000,5.718053,-0.674641,22.29627,0.02204187731895163,22.098458212867378
211,688035,LSST_z,60598.12945,1000,5.718053,-0.674641,22.244725,0.02204187731895163,22.098458212867378
212,708446,LSST_y,60626.069746,1000,5.718053,-0.674641,21.622484,0.02204187731895163,22.33345052774694
213,709186,LSST_y,60627.058327,1000,5.718053,-0.674641,21.505735,0.02204187731895163,22.33345052774694
214,711570,LSST_z,60630.100777,1000,5.718053,-0.674641,21.762935,0.02204187731895163,22.098458212867378
215,714351,LSST_z,60634.034053,1000,5.718053,-0.674641,21.996351,0.02204187731895163,22.098458212867378
216,815542,LSST_z,60774.409592,1000,5.718053,-0.674641,21.664339,0.02204187731895163,22.098458212867378
217,817487,LSST_y,60777.403907,1000,5.718053,-0.674641,21.438053,0.02204187731895163,22.33345052774694
218,826798,LSST_r,60791.371339,1000,5.718053,-0.674641,24.135681,0.02204187731895163,21.362977237419194
219,826827,LSST_r,60791.385035,1000,5.718053,-0.674641,24.19955,0.02204187731895163,21.362977237419194
220,828440,LSST_g,60793.363031,1000,5.718053,-0.674641,24.406694,0.02204187731895163,20.80042234244885
221,828480,LSST_g,60793.381977,1000,5.718053,-0.674641,24.504789,0.02204187731895163,20.80042234244885
222,832597,LSST_r,60799.346616,1000,5.718053,-0.674641,23.928406,0.02204187731895163,21.362977237419194
223,832629,LSST_r,60799.361351,1000,5.718053,-0.674641,24.00147,0.02204187731895163,21.362977237419194
224,833623,LSST_i,60800.367856,1000,5.718053,-0.674641,23.667638,0.02204187731895163,21.788095142392795
225,833670,LSST_i,60800.389663,1000,5.718053,-0.674641,23.747334,0.02204187731895163,21.788095142392795
226,836513,LSST_y,60803.318525,1000,5.718053,-0.674641,21.668079,0.02204187731895163,22.33345052774694
227,836542,LSST_i,60803.33348,1000,5.718053,-0.674641,23.497619,0.02204187731895163,21.788095142392795
228,836575,LSST_i,60803.349019,1000,5.718053,-0.674641,23.551732,0.02204187731895163,21.788095142392795
229,836612,LSST_i,60803.365744,1000,5.718053,-0.674641,23.8179,0.02204187731895163,21.788095142392795
230,836650,LSST_i,60803.383348,1000,5.718053,-0.674641,23.879402,0.02204187731895163,21.788095142392795
231,837560,LSST_y,60804.319525,1000,5.718053,-0.674641,21.618685,0.02204187731895163,22.33345052774694
232,837573,LSST_y,60804.325351,1000,5.718053,-0.674641,21.64488,0.02204187731895163,22.33345052774694
233,838617,LSST_y,60805.326084,1000,5.718053,-0.674641,21.804146,0.02204187731895163,22.33345052774694
234,838623,LSST_y,60805.328768,1000,5.718053,-0.674641,21.815257,0.02204187731895163,22.33345052774694
235,845853,LSST_z,60812.303809,1000,5.718053,-0.674641,22.159807,0.02204187731895163,22.098458212867378
236,845891,LSST_z,60812.321523,1000,5.718053,-0.674641,22.250546,0.02204187731895163,22.098458212867378
237,850948,LSST_r,60822.279206,1000,5.718053,-0.674641,24.070674,0.02204187731895163,21.362977237419194
238,850981,LSST_r,60822.296104,1000,5.718053,-0.674641,24.157478,0.02204187731895163,21.362977237419194
239,858118,LSST_i,60831.318076,1000,5.718053,-0.674641,23.702574,0.02204187731895163,21.788095142392795
240,858161,LSST_i,60831.337547,1000,5.718053,-0.674641,23.749127,0.02204187731895163,21.788095142392795
241,858542,LSST_i,60833.269395,1000,5.718053,-0.674641,23.241404,0.02204187731895163,21.788095142392795
242,858585,LSST_i,60833.289957,1000,5.718053,-0.674641,23.367965,0.02204187731895163,21.788095142392795
243,861360,LSST_i,60843.408537,1000,5.718053,-0.674641,23.306076,0.02204187731895163,21.788095142392795
244,863438,LSST_z,60845.426237,1000,5.718053,-0.674641,22.268408,0.02204187731895163,22.098458212867378
245,863471,LSST_z,60845.442224,1000,5.718053,-0.674641,22.245028,0.02204187731895163,22.098458212867378
246,865800,LSST_u,60849.279391,1000,5.718053,-0.674641,23.241334,0.02204187731895163,20.22199548943686
247,866752,LSST_u,60850.220035,1000,5.718053,-0.674641,23.129058,0.02204187731895163,20.22199548943686
248,870651,LSST_z,60860.164401,1000,5.718053,-0.674641,22.485377,0.02204187731895163,22.098458212867378
249,870676,LSST_z,60860.177384,1000,5.718053,-0.674641,22.573089,0.02204187731895163,22.098458212867378
250,872744,LSST_z,60862.170415,1000,5.718053,-0.674641,22.661083,0.02204187731895163,22.098458212867378
251,872774,LSST_z,60862.184063,1000,5.718053,-0.674641,22.736367,0.02204187731895163,22.098458212867378
252,873851,LSST_y,60863.191422,1000,5.718053,-0.674641,21.86211,0.02204187731895163,22.33345052774694
253,873886,LSST_y,60863.207101,1000,5.718053,-0.674641,21.908684,0.02204187731895163,22.33345052774694
254,874854,LSST_y,60864.166725,1000,5.718053,-0.674641,21.563832,0.02204187731895163,22.33345052774694
255,881196,LSST_r,60873.394703,1000,5.718053,-0.674641,23.72906,0.02204187731895163,21.362977237419194
256,881707,LSST_r,60875.150794,1000,5.718053,-0.674641,24.260874,0.02204187731895163,21.362977237419194
257,881734,LSST_r,60875.163452,1000,5.718053,-0.674641,24.317213,0.02204187731895163,21.362977237419194
258,884749,LSST_u,60878.126519,1000,5.718053,-0.674641,23.053237,0.02204187731895163,20.22199548943686
259,884759,LSST_u,60878.131034,1000,5.718053,-0.674641,23.085538,0.02204187731895163,20.22199548943686
260,886951,LSST_g,60880.186504,1000,5.718053,-0.674641,24.850079,0.02204187731895163,20.80042234244885
261,887014,LSST_g,60880.217511,1000,5.718053,-0.674641,24.919995,0.02204187731895163,20.80042234244885
262,889851,LSST_r,60883.116701,1000,5.718053,-0.674641,23.876395,0.02204187731895163,21.362977237419194
263,889895,LSST_r,60883.138393,1000,5.718053,-0.674641,23.980933,0.02204187731895163,21.362977237419194
264,890492,LSST_r,60884.180744,1000,5.718053,-0.674641,24.39714,0.02204187731895163,21.362977237419194
265,895161,LSST_z,60889.084469,1000,5.718053,-0.674641,22.668259,0.02204187731895163,22.098458212867378
266,895192,LSST_z,60889.099638,1000,5.718053,-0.674641,22.758617,0.02204187731895163,22.098458212867378
267,896447,LSST_r,60890.22346,1000,5.718053,-0.674641,24.094592,0.02204187731895163,21.362977237419194
268,896486,LSST_r,60890.242214,1000,5.718053,-0.674641,24.132142,0.02204187731895163,21.362977237419194
269,897185,LSST_z,60891.090653,1000,5.718053,-0.674641,22.194316,0.02204187731895163,22.098458212867378
270,897214,LSST_z,60891.104207,1000,5.718053,-0.674641,22.265357,0.02204187731895163,22.098458212867378
271,897781,LSST_i,60892.279063,1000,5.718053,-0.674641,23.408745,0.02204187731895163,21.788095142392795
272,903453,LSST_z,60898.2464,1000,5.718053,-0.674641,22.48853,0.02204187731895163,22.098458212867378
273,903496,LSST_z,60898.266565,1000,5.718053,-0.674641,22.467082,0.02204187731895163,22.098458212867378
274,905086,LSST_r,60900.078377,1000,5.718053,-0.674641,23.89368,0.02204187731895163,21.362977237419194
275,905512,LSST_i,60900.28186,1000,5.718053,-0.674641,23.315933,0.02204187731895163,21.788095142392795
276,905549,LSST_i,60900.298883,1000,5.718053,-0.674641,23.270674,0.02204187731895163,21.788095142392795
277,905579,LSST_i,60900.312721,1000,5.718053,-0.674641,23.226326,0.02204187731895163,21.788095142392795
278,905614,LSST_i,60900.328606,1000,5.718053,-0.674641,23.166462,0.02204187731895163,21.788095142392795
279,905660,LSST_i,60900.349364,1000,5.718053,-0.674641,23.072253,0.02204187731895163,21.788095142392795
280,906566,LSST_g,60902.170496,1000,5.718053,-0.674641,24.481179,0.02204187731895163,20.80042234244885
281,911913,LSST_g,60908.043698,1000,5.718053,-0.674641,24.34336,0.02204187731895163,20.80042234244885
282,911939,LSST_g,60908.055438,1000,5.718053,-0.674641,24.410383,0.02204187731895163,20.80042234244885
283,913319,LSST_r,60910.129651,1000,5.718053,-0.674641,24.05805,0.02204187731895163,21.362977237419194
284,913352,LSST_r,60910.144566,1000,5.718053,-0.674641,24.081194,0.02204187731895163,21.362977237419194
285,914134,LSST_u,60911.050624,1000,5.718053,-0.674641,23.01287,0.02204187731895163,20.22199548943686
286,915222,LSST_u,60912.089263,1000,5.718053,-0.674641,23.298756,0.02204187731895163,20.22199548943686
287,916076,LSST_u,60913.044218,1000,5.718053,-0.674641,22.804492,0.02204187731895163,20.22199548943686
288,918880,LSST_y,60931.984103,1000,5.718053,-0.674641,21.453,0.02204187731895163,22.33345052774694
289,918909,LSST_y,60931.997141,1000,5.718053,-0.674641,21.650053,0.02204187731895163,22.33345052774694
290,920782,LSST_g,60934.011308,1000,5.718053,-0.674641,24.810978,0.02204187731895163,20.80042234244885
291,920813,LSST_g,60934.025551,1000,5.718053,-0.674641,24.863751,0.02204187731895163,20.80042234244885
292,922676,LSST_r,60936.035879,1000,5.718053,-0.674641,24.127183,0.02204187731895163,21.362977237419194
293,922705,LSST_r,60936.049246,1000,5.718053,-0.674641,24.158789,0.02204187731895163,21.362977237419194
294,923554,LSST_i,60937.016643,1000,5.718053,-0.674641,23.657618,0.02204187731895163,21.788095142392795
295,923588,LSST_i,60937.032333,1000,5.718053,-0.674641,23.702888,0.02204187731895163,21.788095142392795
296,930006,LSST_i,60944.042441,1000,5.718053,-0.674641,23.962854,0.02204187731895163,21.788095142392795
297,930048,LSST_i,60944.062929,1000,5.718053,-0.674641,23.995185,0.02204187731895163,21.788095142392795
298,940762,LSST_i,60958.210706,1000,5.718053,-0.674641,22.780419,0.02204187731895163,21.788095142392795
299,941423,LSST_r,60959.12033,1000,5.718053,-0.674641,23.95246,0.02204187731895163,21.362977237419194
300,941459,LSST_r,60959.138234,1000,5.718053,-0.674641,23.752238,0.02204187731895163,21.362977237419194
301,951783,LSST_z,60974.009051,1000,5.718053,-0.674641,22.150931,0.02204187731895163,22.098458212867378
302,956050,LSST_y,60980.001088,1000,5.718053,-0.674641,21.583917,0.02204187731895163,22.33345052774694
303,956100,LSST_y,60980.024002,1000,5.718053,-0.674641,21.722883,0.02204187731895163,22.33345052774694
304,960892,LSST_r,60994.077262,1000,5.718053,-0.674641,24.197363,0.02204187731895163,21.362977237419194
305,960935,LSST_r,60994.09813,1000,5.718053,-0.674641,24.096266,0.02204187731895163,21.362977237419194
306,966759,LSST_y,61003.036297,1000,5.718053,-0.674641,21.478881,0.02204187731895163,22.33345052774694
307,1065728,LSST_z,61138.416176,1000,5.718053,-0.674641,21.899537,0.02204187731895163,22.098458212867378
308,1067588,LSST_y,61140.405072,1000,5.718053,-0.674641,21.433591,0.02204187731895163,22.33345052774694
309,1067603,LSST_y,61140.411792,1000,5.718053,-0.674641,21.461876,0.02204187731895163,22.33345052774694
310,1070923,LSST_g,61148.381608,1000,5.718053,-0.674641,24.672839,0.02204187731895163,20.80042234244885
311,1070965,LSST_g,61148.401438,1000,5.718053,-0.674641,24.786163,0.02204187731895163,20.80042234244885
312,1072892,LSST_y,61150.425053,1000,5.718053,-0.674641,21.476446,0.02204187731895163,22.33345052774694
313,1073847,LSST_y,61151.41765,1000,5.718053,-0.674641,21.875182,0.02204187731895163,22.33345052774694
314,1076699,LSST_r,61154.393321,1000,5.718053,-0.674641,24.355138,0.02204187731895163,21.362977237419194
315,1078574,LSST_i,61156.362322,1000,5.718053,-0.674641,23.217939,0.02204187731895163,21.788095142392795
316,1078617,LSST_i,61156.381884,1000,5.718053,-0.674641,23.317069,0.02204187731895163,21.788095142392795
317,1081555,LSST_y,61159.348817,1000,5.718053,-0.674641,21.099339,0.02204187731895163,22.33345052774694
318,1081581,LSST_y,61159.360434,1000,5.718053,-0.674641,21.14928,0.02204187731895163,22.33345052774694
319,1083665,LSST_y,61161.363679,1000,5.718053,-0.674641,21.640881,0.02204187731895163,22.33345052774694
320,1086847,LSST_y,61164.397614,1000,5.718053,-0.674641,21.996139,0.02204187731895163,22.33345052774694
321,1093614,LSST_u,61174.356146,1000,5.718053,-0.674641,22.781057,0.02204187731895163,20.22199548943686
322,1098150,LSST_i,61179.338331,1000,5.718053,-0.674641,23.58155,0.02204187731895163,21.788095142392795
323,1098192,LSST_i,61179.357744,1000,5.718053,-0.674641,23.64718,0.02204187731895163,21.788095142392795
324,1099361,LSST_g,61181.294413,1000,5.718053,-0.674641,24.523264,0.02204187731895163,20.80042234244885
325,1099397,LSST_g,61181.310907,1000,5.718053,-0.674641,24.616295,0.02204187731895163,20.80042234244885
326,1106847,LSST_z,61194.34366,1000,5.718053,-0.674641,21.644537,0.02204187731895163,22.098458212867378
327,1106880,LSST_z,61194.359762,1000,5.718053,-0.674641,21.676322,0.02204187731895163,22.098458212867378
328,1111248,LSST_z,61218.200699,1000,5.718053,-0.674641,21.922278,0.02204187731895163,22.098458212867378
329,1111282,LSST_z,61218.215929,1000,5.718053,-0.674641,21.999637,0.02204187731895163,22.098458212867378
330,1112328,LSST_y,61219.203042,1000,5.718053,-0.674641,21.286416,0.02204187731895163,22.33345052774694
331,1122373,LSST_u,61233.177757,1000,5.718053,-0.674641,23.146888,0.02204187731895163,20.22199548943686
332,1124448,LSST_u,61235.157991,1000,5.718053,-0.674641,23.110082,0.02204187731895163,20.22199548943686
333,1125573,LSST_r,61236.198707,1000,5.718053,-0.674641,23.889149,0.02204187731895163,21.362977237419194
334,1125622,LSST_r,61236.221495,1000,5.718053,-0.674641,23.951851,0.02204187731895163,21.362977237419194
335,1127614,LSST_g,61239.177716,1000,5.718053,-0.674641,24.108037,0.02204187731895163,20.80042234244885
336,1127643,LSST_g,61239.191198,1000,5.718053,-0.674641,24.157078,0.02204187731895163,20.80042234244885
337,1129545,LSST_z,61243.118083,1000,5.718053,-0.674641,22.573649,0.02204187731895163,22.098458212867378
338,1129581,LSST_z,61243.13475,1000,5.718053,-0.674641,22.674168,0.02204187731895163,22.098458212867378
339,1131628,LSST_z,61245.118739,1000,5.718053,-0.674641,22.30279,0.02204187731895163,22.098458212867378
340,1131663,LSST_z,61245.135278,1000,5.718053,-0.674641,22.392003,0.02204187731895163,22.098458212867378
341,1131671,LSST_z,61245.138909,1000,5.718053,-0.674641,22.409922,0.02204187731895163,22.098458212867378
342,1131714,LSST_z,61245.158748,1000,5.718053,-0.674641,22.497502,0.02204187731895163,22.098458212867378
343,1132042,LSST_i,61245.312721,1000,5.718053,-0.674641,23.372319,0.02204187731895163,21.788095142392795
344,1132089,LSST_i,61245.336607,1000,5.718053,-0.674641,23.484786,0.02204187731895163,21.788095142392795
345,1133803,LSST_y,61247.18972,1000,5.718053,-0.674641,21.077695,0.02204187731895163,22.33345052774694
346,1133809,LSST_y,61247.192422,1000,5.718053,-0.674641,21.082268,0.02204187731895163,22.33345052774694
347,1133828,LSST_y,61247.201032,1000,5.718053,-0.674641,21.095575,0.02204187731895163,22.33345052774694
348,1133866,LSST_y,61247.218176,1000,5.718053,-0.674641,21.11655,0.02204187731895163,22.33345052774694
349,1134756,LSST_y,61248.233579,1000,5.718053,-0.674641,21.086071,0.02204187731895163,22.33345052774694
350,1142066,LSST_i,61256.274426,1000,5.718053,-0.674641,23.23065,0.02204187731895163,21.788095142392795
351,1142111,LSST_i,61256.29727,1000,5.718053,-0.674641,23.191566,0.02204187731895163,21.788095142392795
352,1142195,LSST_i,61256.338872,1000,5.718053,-0.674641,23.07341,0.02204187731895163,21.788095142392795
353,1142241,LSST_i,61256.361051,1000,5.718053,-0.674641,22.985632,0.02204187731895163,21.788095142392795
354,1144638,LSST_r,61259.086785,1000,5.718053,-0.674641,24.041273,0.02204187731895163,21.362977237419194
355,1144668,LSST_r,61259.101017,1000,5.718053,-0.674641,24.112793,0.02204187731895163,21.362977237419194
356,1145650,LSST_i,61260.08179,1000,5.718053,-0.674641,23.518132,0.02204187731895163,21.788095142392795
357,1145692,LSST_i,61260.101522,1000,5.718053,-0.674641,23.614774,0.02204187731895163,21.788095142392795
358,1150687,LSST_u,61266.083294,1000,5.718053,-0.674641,23.173785,0.02204187731895163,20.22199548943686
359,1152984,LSST_r,61268.208392,1000,5.718053,-0.674641,24.359567,0.02204187731895163,21.362977237419194
360,1153025,LSST_r,61268.228162,1000,5.718053,-0.674641,24.351209,0.02204187731895163,21.362977237419194
361,1162919,LSST_y,61280.060661,1000,5.718053,-0.674641,21.75187,0.02204187731895163,22.33345052774694
362,1162998,LSST_y,61280.097079,1000,5.718053,-0.674641,21.836218,0.02204187731895163,22.33345052774694
363,1163344,LSST_z,61281.026131,1000,5.718053,-0.674641,21.871994,0.02204187731895163,22.098458212867378
364,1163377,LSST_z,61281.041719,1000,5.718053,-0.674641,21.92152,0.02204187731895163,22.098458212867378
365,1163760,LSST_z,61281.224891,1000,5.718053,-0.674641,22.096202,0.02204187731895163,22.098458212867378
366,1163784,LSST_z,61281.237337,1000,5.718053,-0.674641,22.073636,0.02204187731895163,22.098458212867378
367,1164600,LSST_i,61285.179071,1000,5.718053,-0.674641,23.74509,0.02204187731895163,21.788095142392795
368,1164633,LSST_i,61285.197121,1000,5.718053,-0.674641,23.697228,0.02204187731895163,21.788095142392795
369,1165148,LSST_r,61285.996695,1000,5.718053,-0.674641,23.733489,0.02204187731895163,21.362977237419194
370,1165188,LSST_r,61286.01478,1000,5.718053,-0.674641,23.838204,0.02204187731895163,21.362977237419194
371,1168736,LSST_g,61298.050409,1000,5.718053,-0.674641,24.840555,0.02204187731895163,20.80042234244885
372,1168777,LSST_g,61298.069225,1000,5.718053,-0.674641,24.887559,0.02204187731895163,20.80042234244885
373,1176023,LSST_y,61308.139848,1000,5.718053,-0.674641,21.54819,0.02204187731895163,22.33345052774694
374,1176034,LSST_y,61308.145196,1000,5.718053,-0.674641,21.542421,0.02204187731895163,22.33345052774694
375,1176045,LSST_y,61308.150574,1000,5.718053,-0.674641,21.535946,0.02204187731895163,22.33345052774694
376,1176068,LSST_y,61308.162347,1000,5.718053,-0.674641,21.51921,0.02204187731895163,22.33345052774694
377,1177926,LSST_z,61310.184465,1000,5.718053,-0.674641,22.041572,0.02204187731895163,22.098458212867378
378,1177959,LSST_z,61310.200617,1000,5.718053,-0.674641,21.987556,0.02204187731895163,22.098458212867378
379,1179392,LSST_i,61312.04609,1000,5.718053,-0.674641,23.049723,0.02204187731895163,21.788095142392795
380,1179426,LSST_i,61312.061748,1000,5.718053,-0.674641,23.035102,0.02204187731895163,21.788095142392795
381,1179675,LSST_i,61312.187498,1000,5.718053,-0.674641,22.681222,0.02204187731895163,21.788095142392795
382,1180983,LSST_z,61313.98641,1000,5.718053,-0.674641,22.228738,0.02204187731895163,22.098458212867378
383,1181013,LSST_z,61313.999915,1000,5.718053,-0.674641,22.253007,0.02204187731895163,22.098458212867378
384,1184484,LSST_r,61318.009356,1000,5.718053,-0.674641,24.646138,0.02204187731895163,21.362977237419194
385,1184521,LSST_r,61318.02609,1000,5.718053,-0.674641,24.673588,0.02204187731895163,21.362977237419194
386,1184524,LSST_r,61318.02745,1000,5.718053,-0.674641,24.675395,0.02204187731895163,21.362977237419194
387,1184577,LSST_r,61318.052578,1000,5.718053,-0.674641,24.698193,0.02204187731895163,21.362977237419194
388,1184640,LSST_r,61318.084511,1000,5.718053,-0.674641,24.698111,0.02204187731895163,21.362977237419194
389,1184691,LSST_r,61318.110077,1000,5.718053,-0.674641,24.674542,0.02204187731895163,21.362977237419194
390,1188028,LSST_u,61322.061622,1000,5.718053,-0.674641,23.535832,0.02204187731895163,20.22199548943686
391,1191765,LSST_z,61327.007521,1000,5.718053,-0.674641,22.109139,0.02204187731895163,22.098458212867378
392,1193458,LSST_r,61329.02834,1000,5.718053,-0.674641,24.236975,0.02204187731895163,21.362977237419194
393,1193499,LSST_r,61329.047637,1000,5.718053,-0.674641,24.241264,0.02204187731895163,21.362977237419194
394,1198156,LSST_z,61336.010296,1000,5.718053,-0.674641,22.12993,0.02204187731895163,22.098458212867378
395,1198209,LSST_z,61336.035442,1000,5.718053,-0.674641,22.49731,0.02204187731895163,22.098458212867378
396,1199105,LSST_y,61337.078866,1000,5.718053,-0.674641,21.540324,0.02204187731895163,22.33345052774694
397,1199110,LSST_y,61337.081219,1000,5.718053,-0.674641,21.536914,0.02204187731895163,22.33345052774694
398,1211032,LSST_i,61363.084781,1000,5.718053,-0.674641,22.628453,0.02204187731895163,21.788095142392795
399,1211073,LSST_i,61363.103798,1000,5.718053,-0.674641,22.527269,0.02204187731895163,21.788095142392795
400,1217376,LSST_y,61372.027,1000,5.718053,-0.674641,21.619668,0.02204187731895163,22.33345052774694
401,1219556,LSST_r,61375.057847,1000,5.718053,-0.674641,24.209452,0.02204187731895163,21.362977237419194
402,1219586,LSST_r,61375.071479,1000,5.718053,-0.674641,24.129157,0.02204187731895163,21.362977237419194
403,1315670,LSST_y,61515.383528,1000,5.718053,-0.674641,21.610789,0.02204187731895163,22.33345052774694
404,1319762,LSST_z,61520.417816,1000,5.718053,-0.674641,21.946848,0.02204187731895163,22.098458212867378
405,1325597,LSST_i,61526.383527,1000,5.718053,-0.674641,23.003894,0.02204187731895163,21.788095142392795
406,1325641,LSST_i,61526.404605,1000,5.718053,-0.674641,23.075842,0.02204187731895163,21.788095142392795
407,1326593,LSST_g,61527.393579,1000,5.718053,-0.674641,24.478908,0.02204187731895163,20.80042234244885
408,1327624,LSST_u,61528.392311,1000,5.718053,-0.674641,23.245068,0.02204187731895163,20.22199548943686
409,1328537,LSST_u,61529.34389,1000,5.718053,-0.674641,22.865095,0.02204187731895163,20.22199548943686
410,1336182,LSST_i,61539.312555,1000,5.718053,-0.674641,23.795135,0.02204187731895163,21.788095142392795
411,1336229,LSST_i,61539.334679,1000,5.718053,-0.674641,23.907284,0.02204187731895163,21.788095142392795
412,1337286,LSST_i,61540.370486,1000,5.718053,-0.674641,23.732535,0.02204187731895163,21.788095142392795
413,1337324,LSST_i,61540.388039,1000,5.718053,-0.674641,23.778915,0.02204187731895163,21.788095142392795
414,1337387,LSST_z,61540.420257,1000,5.718053,-0.674641,22.122764,0.02204187731895163,22.098458212867378
415,1338178,LSST_z,61541.31372,1000,5.718053,-0.674641,22.833499,0.02204187731895163,22.098458212867378
416,1338221,LSST_z,61541.336633,1000,5.718053,-0.674641,22.904105,0.02204187731895163,22.098458212867378
417,1349367,LSST_i,61557.27072,1000,5.718053,-0.674641,23.278382,0.02204187731895163,21.788095142392795
418,1349400,LSST_i,61557.2862,1000,5.718053,-0.674641,23.353818,0.02204187731895163,21.788095142392795
419,1350462,LSST_g,61558.314182,1000,5.718053,-0.674641,24.50903,0.02204187731895163,20.80042234244885
420,1350506,LSST_g,61558.334308,1000,5.718053,-0.674641,24.570847,0.02204187731895163,20.80042234244885
421,1351055,LSST_r,61559.342751,1000,5.718053,-0.674641,24.232222,0.02204187731895163,21.362977237419194
422,1351089,LSST_r,61559.358589,1000,5.718053,-0.674641,24.26158,0.02204187731895163,21.362977237419194
423,1352035,LSST_u,61560.301331,1000,5.718053,-0.674641,23.235458,0.02204187731895163,20.22199548943686
424,1353026,LSST_g,61561.277261,1000,5.718053,-0.674641,24.504857,0.02204187731895163,20.80042234244885
425,1353061,LSST_g,61561.293433,1000,5.718053,-0.674641,24.576453,0.02204187731895163,20.80042234244885
426,1354007,LSST_g,61562.25242,1000,5.718053,-0.674641,24.394829,0.02204187731895163,20.80042234244885
427,1354048,LSST_g,61562.271398,1000,5.718053,-0.674641,24.499429,0.02204187731895163,20.80042234244885
428,1354894,LSST_r,61563.31486,1000,5.718053,-0.674641,24.137782,0.02204187731895163,21.362977237419194
429,1354933,LSST_r,61563.332999,1000,5.718053,-0.674641,24.181471,0.02204187731895163,21.362977237419194
430,1355786,LSST_y,61571.226685,1000,5.718053,-0.674641,21.145702,0.02204187731895163,22.33345052774694
431,1355805,LSST_y,61571.235221,1000,5.718053,-0.674641,21.180846,0.02204187731895163,22.33345052774694
432,1355822,LSST_y,61571.24286,1000,5.718053,-0.674641,21.209631,0.02204187731895163,22.33345052774694
433,1355864,LSST_y,61571.261936,1000,5.718053,-0.674641,21.271895,0.02204187731895163,22.33345052774694
434,1356914,LSST_y,61572.250183,1000,5.718053,-0.674641,21.880145,0.02204187731895163,22.33345052774694
435,1357944,LSST_y,61573.22312,1000,5.718053,-0.674641,21.477487,0.02204187731895163,22.33345052774694
436,1366271,LSST_i,61581.380769,1000,5.718053,-0.674641,23.02637,0.02204187731895163,21.788095142392795
437,1366306,LSST_i,61581.397815,1000,5.718053,-0.674641,23.005849,0.02204187731895163,21.788095142392795
438,1366322,LSST_i,61581.405386,1000,5.718053,-0.674641,22.993768,0.02204187731895163,21.788095142392795
439,1366353,LSST_i,61581.420217,1000,5.718053,-0.674641,22.964661,0.02204187731895163,21.788095142392795
440,1366945,LSST_i,61582.202118,1000,5.718053,-0.674641,23.304273,0.02204187731895163,21.788095142392795
441,1366973,LSST_i,61582.214789,1000,5.718053,-0.674641,23.342751,0.02204187731895163,21.788095142392795
442,1374887,LSST_g,61591.168649,1000,5.718053,-0.674641,24.255241,0.02204187731895163,20.80042234244885
443,1374909,LSST_g,61591.178809,1000,5.718053,-0.674641,24.316505,0.02204187731895163,20.80042234244885
444,1375781,LSST_u,61593.245782,1000,5.718053,-0.674641,23.344189,0.02204187731895163,20.22199548943686
445,1379021,LSST_z,61598.180269,1000,5.718053,-0.674641,22.801289,0.02204187731895163,22.098458212867378
446,1379046,LSST_z,61598.193802,1000,5.718053,-0.674641,22.870675,0.02204187731895163,22.098458212867378
447,1379070,LSST_r,61598.20624,1000,5.718053,-0.674641,24.020296,0.02204187731895163,21.362977237419194
448,1379112,LSST_r,61598.229628,1000,5.718053,-0.674641,24.128772,0.02204187731895163,21.362977237419194
449,1379197,LSST_r,61598.268589,1000,5.718053,-0.674641,24.2711,0.02204187731895163,21.362977237419194
450,1379229,LSST_r,61598.283116,1000,5.718053,-0.674641,24.378229,0.02204187731895163,21.362977237419194
451,1380076,LSST_z,61599.187635,1000,5.718053,-0.674641,22.331793,0.02204187731895163,22.098458212867378
452,1380108,LSST_z,61599.202176,1000,5.718053,-0.674641,22.393741,0.02204187731895163,22.098458212867378
453,1384787,LSST_y,61608.22912,1000,5.718053,-0.674641,21.952561,0.02204187731895163,22.33345052774694
454,1386351,LSST_i,61610.129062,1000,5.718053,-0.674641,23.159358,0.02204187731895163,21.788095142392795
455,1386398,LSST_i,61610.151424,1000,5.718053,-0.674641,23.209286,0.02204187731895163,21.788095142392795
456,1387781,LSST_r,61611.309382,1000,5.718053,-0.674641,24.097259,0.02204187731895163,21.362977237419194
457,1387819,LSST_r,61611.327175,1000,5.718053,-0.674641,24.063871,0.02204187731895163,21.362977237419194
458,1389405,LSST_r,61616.102175,1000,5.718053,-0.674641,24.160128,0.02204187731895163,21.362977237419194
459,1389436,LSST_r,61616.116247,1000,5.718053,-0.674641,24.235308,0.02204187731895163,21.362977237419194
460,1390412,LSST_u,61617.100504,1000,5.718053,-0.674641,23.015668,0.02204187731895163,20.22199548943686
461,1390421,LSST_u,61617.104535,1000,5.718053,-0.674641,23.04551,0.02204187731895163,20.22199548943686
462,1391477,LSST_u,61618.107095,1000,5.718053,-0.674641,23.029195,0.02204187731895163,20.22199548943686
463,1396574,LSST_r,61624.108147,1000,5.718053,-0.674641,24.043704,0.02204187731895163,21.362977237419194
464,1396611,LSST_r,61624.125518,1000,5.718053,-0.674641,24.121517,0.02204187731895163,21.362977237419194
465,1397534,LSST_y,61625.084617,1000,5.718053,-0.674641,21.620985,0.02204187731895163,22.33345052774694
466,1397549,LSST_y,61625.091345,1000,5.718053,-0.674641,21.647375,0.02204187731895163,22.33345052774694
467,1398512,LSST_y,61626.073588,1000,5.718053,-0.674641,21.697048,0.02204187731895163,22.33345052774694
468,1398559,LSST_r,61626.097344,1000,5.718053,-0.674641,24.176694,0.02204187731895163,21.362977237419194
469,1398590,LSST_r,61626.111439,1000,5.718053,-0.674641,24.245091,0.02204187731895163,21.362977237419194
470,1405289,LSST_i,61649.005553,1000,5.718053,-0.674641,23.277119,0.02204187731895163,21.788095142392795
471,1405318,LSST_i,61649.018672,1000,5.718053,-0.674641,23.351018,0.02204187731895163,21.788095142392795
472,1407125,LSST_r,61650.996712,1000,5.718053,-0.674641,23.805711,0.02204187731895163,21.362977237419194
473,1407170,LSST_r,61651.017017,1000,5.718053,-0.674641,23.926071,0.02204187731895163,21.362977237419194
474,1414081,LSST_z,61672.988227,1000,5.718053,-0.674641,21.931576,0.02204187731895163,22.098458212867378
475,1414111,LSST_z,61673.001677,1000,5.718053,-0.674641,23.100146,0.02204187731895163,22.098458212867378
476,1416255,LSST_z,61677.985866,1000,5.718053,-0.674641,21.975164,0.02204187731895163,22.098458212867378
477,1416294,LSST_z,61678.003462,1000,5.718053,-0.674641,23.162541,0.02204187731895163,22.098458212867378
478,1416299,LSST_i,61678.007058,1000,5.718053,-0.674641,23.699566,0.02204187731895163,21.788095142392795
479,1416337,LSST_i,61678.024222,1000,5.718053,-0.674641,23.736924,0.02204187731895163,21.788095142392795
480,1417913,LSST_z,61679.988093,1000,5.718053,-0.674641,22.260292,0.02204187731895163,22.098458212867378
481,1417951,LSST_z,61680.005205,1000,5.718053,-0.674641,23.460757,0.02204187731895163,22.098458212867378
482,1423024,LSST_z,61685.998463,1000,5.718053,-0.674641,22.043981,0.02204187731895163,22.098458212867378
483,1423058,LSST_z,61686.013922,1000,5.718053,-0.674641,22.69455,0.02204187731895163,22.098458212867378
484,1426434,LSST_z,61690.033661,1000,5.718053,-0.674641,22.27193,0.02204187731895163,22.098458212867378
485,1426485,LSST_z,61690.057432,1000,5.718053,-0.674641,22.272972,0.02204187731895163,22.098458212867378
486,1427132,LSST_y,61691.08804,1000,5.718053,-0.674641,21.360623,0.02204187731895163,22.33345052774694
487,1427152,LSST_y,61691.097301,1000,5.718053,-0.674641,21.350959,0.02204187731895163,22.33345052774694
488,1430509,LSST_i,61695.091582,1000,5.718053,-0.674641,23.142755,0.02204187731895163,21.788095142392795
489,1441189,LSST_r,61711.066994,1000,5.718053,-0.674641,24.049146,0.02204187731895163,21.362977237419194
490,1441224,LSST_r,61711.083133,1000,5.718053,-0.674641,24.009234,0.02204187731895163,21.362977237419194
491,1441987,LSST_r,61712.085383,1000,5.718053,-0.674641,23.782112,0.02204187731895163,21.362977237419194
492,1442040,LSST_r,61712.111664,1000,5.718053,-0.674641,23.698612,0.02204187731895163,21.362977237419194
493,1443044,LSST_y,61721.061328,1000,5.718053,-0.674641,21.358831,0.02204187731895163,22.33345052774694
494,1447618,LSST_i,61727.091899,1000,5.718053,-0.674641,23.235302,0.02204187731895163,21.788095142392795
495,1447648,LSST_i,61727.106795,1000,5.718053,-0.674641,22.809168,0.02204187731895163,21.788095142392795
496,1452622,LSST_u,61735.076885,1000,5.718053,-0.674641,22.677821,0.02204187731895163,20.22199548943686
497,1456816,LSST_r,61741.070268,1000,5.718053,-0.674641,23.842119,0.02204187731895163,21.362977237419194
498,1460210,LSST_i,61746.059087,1000,5.718053,-0.674641,22.871705,0.02204187731895163,21.788095142392795
499,1562526,LSST_i,61885.399512,1000,5.718053,-0.674641,23.424869,0.02204187731895163,21.788095142392795
500,1562559,LSST_y,61885.41623,1000,5.718053,-0.674641,21.371887,0.02204187731895163,22.33345052774694
501,1562577,LSST_y,61885.424286,1000,5.718053,-0.674641,21.394084,0.02204187731895163,22.33345052774694
502,1563862,LSST_g,61887.359551,1000,5.718053,-0.674641,24.350955,0.02204187731895163,20.80042234244885
503,1563891,LSST_g,61887.372739,1000,5.718053,-0.674641,24.427914,0.02204187731895163,20.80042234244885
504,1564578,LSST_u,61888.362419,1000,5.718053,-0.674641,22.788794,0.02204187731895163,20.22199548943686
505,1566511,LSST_i,61890.361173,1000,5.718053,-0.674641,23.732783,0.02204187731895163,21.788095142392795
506,1566545,LSST_i,61890.377064,1000,5.718053,-0.674641,23.807127,0.02204187731895163,21.788095142392795
507,1567459,LSST_r,61891.352885,1000,5.718053,-0.674641,24.231787,0.02204187731895163,21.362977237419194
508,1567495,LSST_r,61891.369274,1000,5.718053,-0.674641,24.315648,0.02204187731895163,21.362977237419194
509,1572367,LSST_y,61897.334128,1000,5.718053,-0.674641,21.302964,0.02204187731895163,22.33345052774694
510,1575467,LSST_y,61900.329359,1000,5.718053,-0.674641,21.590878,0.02204187731895163,22.33345052774694
511,1577822,LSST_r,61908.363786,1000,5.718053,-0.674641,23.933989,0.02204187731895163,21.362977237419194
512,1577866,LSST_r,61908.384927,1000,5.718053,-0.674641,23.988127,0.02204187731895163,21.362977237419194
513,1582129,LSST_i,61918.33299,1000,5.718053,-0.674641,23.928978999999998,0.02204187731895163,21.788095142392795
514,1582162,LSST_i,61918.348035,1000,5.718053,-0.674641,23.970858,0.02204187731895163,21.788095142392795
515,1586434,LSST_z,61928.257808,1000,5.718053,-0.674641,22.010641,0.02204187731895163,22.098458212867378
516,1586472,LSST_z,61928.27614,1000,5.718053,-0.674641,22.100336,0.02204187731895163,22.098458212867378
517,1587394,LSST_u,61943.210208,1000,5.718053,-0.674641,22.942345,0.02204187731895163,20.22199548943686
518,1587408,LSST_u,61943.216862,1000,5.718053,-0.674641,22.989479,0.02204187731895163,20.22199548943686
519,1592779,LSST_y,61955.234019,1000,5.718053,-0.674641,21.707788,0.02204187731895163,22.33345052774694
520,1595268,LSST_y,61958.396914,1000,5.718053,-0.674641,21.588634,0.02204187731895163,22.33345052774694
521,1595276,LSST_y,61958.400755,1000,5.718053,-0.674641,21.580876,0.02204187731895163,22.33345052774694
522,1601302,LSST_i,61964.307551,1000,5.718053,-0.674641,23.205857,0.02204187731895163,21.788095142392795
523,1601345,LSST_i,61964.328268,1000,5.718053,-0.674641,23.19356,0.02204187731895163,21.788095142392795
524,1601368,LSST_i,61964.338666,1000,5.718053,-0.674641,23.182539,0.02204187731895163,21.788095142392795
525,1601404,LSST_i,61964.355933,1000,5.718053,-0.674641,23.156823,0.02204187731895163,21.788095142392795
526,1601417,LSST_i,61964.361885,1000,5.718053,-0.674641,23.145733,0.02204187731895163,21.788095142392795
527,1601447,LSST_i,61964.375767,1000,5.718053,-0.674641,23.115325,0.02204187731895163,21.788095142392795
528,1601456,LSST_i,61964.37989,1000,5.718053,-0.674641,23.105028,0.02204187731895163,21.788095142392795
529,1601484,LSST_i,61964.392583,1000,5.718053,-0.674641,23.069558,0.02204187731895163,21.788095142392795
530,1601535,LSST_i,61964.415951,1000,5.718053,-0.674641,22.988488,0.02204187731895163,21.788095142392795
531,1602002,LSST_r,61965.14483,1000,5.718053,-0.674641,23.531162,0.02204187731895163,21.362977237419194
532,1602033,LSST_r,61965.158893,1000,5.718053,-0.674641,23.57522,0.02204187731895163,21.362977237419194
533,1602059,LSST_r,61965.170597,1000,5.718053,-0.674641,23.61207,0.02204187731895163,21.362977237419194
534,1602094,LSST_r,61965.186383,1000,5.718053,-0.674641,23.644738,0.02204187731895163,21.362977237419194
535,1604796,LSST_g,61974.402367,1000,5.718053,-0.674641,24.033221,0.02204187731895163,20.80042234244885
536,1604822,LSST_g,61974.414899,1000,5.718053,-0.674641,23.964734,0.02204187731895163,20.80042234244885
537,1606244,LSST_g,61976.125732,1000,5.718053,-0.674641,24.129919,0.02204187731895163,20.80042234244885
538,1606289,LSST_g,61976.147252,1000,5.718053,-0.674641,24.239447,0.02204187731895163,20.80042234244885
539,1609325,LSST_y,61980.134729,1000,5.718053,-0.674641,21.319515,0.02204187731895163,22.33345052774694
540,1610294,LSST_y,61981.105304,1000,5.718053,-0.674641,21.395252,0.02204187731895163,22.33345052774694
541,1610315,LSST_y,61981.114719,1000,5.718053,-0.674641,21.433492,0.02204187731895163,22.33345052774694
542,1610408,LSST_r,61981.159077,1000,5.718053,-0.674641,23.944131,0.02204187731895163,21.362977237419194
543,1610455,LSST_r,61981.180787,1000,5.718053,-0.674641,24.030545,0.02204187731895163,21.362977237419194
544,1612419,LSST_y,61983.143284,1000,5.718053,-0.674641,21.076653,0.02204187731895163,22.33345052774694
545,1612485,LSST_y,61983.172927,1000,5.718053,-0.674641,21.141563,0.02204187731895163,22.33345052774694
546,1613709,LSST_y,61985.165614,1000,5.718053,-0.674641,21.692436,0.02204187731895163,22.33345052774694
547,1613859,LSST_z,61986.129636,1000,5.718053,-0.674641,21.879377,0.02204187731895163,22.098458212867378
548,1613892,LSST_z,61986.14491,1000,5.718053,-0.674641,21.931606,0.02204187731895163,22.098458212867378
549,1616451,LSST_y,61990.128056,1000,5.718053,-0.674641,21.683752,0.02204187731895163,22.33345052774694
550,1617748,LSST_z,61991.261317,1000,5.718053,-0.674641,22.470251,0.02204187731895163,22.098458212867378
551,1617779,LSST_z,61991.275969,1000,5.718053,-0.674641,22.451301,0.02204187731895163,22.098458212867378
552,1619662,LSST_i,61993.240263,1000,5.718053,-0.674641,23.310218,0.02204187731895163,21.788095142392795
553,1619708,LSST_i,61993.262437,1000,5.718053,-0.674641,23.282652,0.02204187731895163,21.788095142392795
554,1621344,LSST_r,61995.09055,1000,5.718053,-0.674641,24.381074,0.02204187731895163,21.362977237419194
555,1621379,LSST_r,61995.107282,1000,5.718053,-0.674641,24.449514,0.02204187731895163,21.362977237419194
556,1621397,LSST_r,61995.115719,1000,5.718053,-0.674641,24.479518,0.02204187731895163,21.362977237419194
557,1621442,LSST_r,61995.136899,1000,5.718053,-0.674641,24.487887,0.02204187731895163,21.362977237419194
558,1622293,LSST_g,61996.07715,1000,5.718053,-0.674641,24.192326,0.02204187731895163,20.80042234244885
559,1622325,LSST_g,61996.092443,1000,5.718053,-0.674641,24.266492,0.02204187731895163,20.80042234244885
560,1625481,LSST_u,62002.064062,1000,5.718053,-0.674641,22.988725,0.02204187731895163,20.22199548943686
561,1626467,LSST_u,62005.050194,1000,5.718053,-0.674641,23.034311,0.02204187731895163,20.22199548943686
562,1626473,LSST_u,62005.052886,1000,5.718053,-0.674641,23.051853,0.02204187731895163,20.22199548943686
563,1626751,LSST_i,62006.048874,1000,5.718053,-0.674641,23.786743,0.02204187731895163,21.788095142392795
564,1626792,LSST_i,62006.06869,1000,5.718053,-0.674641,23.83633,0.02204187731895163,21.788095142392795
565,1628168,LSST_z,62010.028063,1000,5.718053,-0.674641,22.726485,0.02204187731895163,22.098458212867378
566,1628198,LSST_z,62010.042363,1000,5.718053,-0.674641,22.799863,0.02204187731895163,22.098458212867378
567,1630061,LSST_z,62012.019869,1000,5.718053,-0.674641,22.516114,0.02204187731895163,22.098458212867378
568,1630098,LSST_z,62012.036701,1000,5.718053,-0.674641,22.601909,0.02204187731895163,22.098458212867378
569,1631658,LSST_z,62014.00367,1000,5.718053,-0.674641,21.946208,0.02204187731895163,22.098458212867378
570,1631688,LSST_z,62014.017235,1000,5.718053,-0.674641,22.022124,0.02204187731895163,22.098458212867378
571,1633293,LSST_y,62017.005846,1000,5.718053,-0.674641,21.569142,0.02204187731895163,22.33345052774694
572,1633303,LSST_y,62017.010313,1000,5.718053,-0.674641,21.588003,0.02204187731895163,22.33345052774694
573,1633358,LSST_y,62017.034977,1000,5.718053,-0.674641,21.677192,0.02204187731895163,22.33345052774694
574,1633805,LSST_z,62019.013656,1000,5.718053,-0.674641,22.122258,0.02204187731895163,22.098458212867378
575,1633847,LSST_z,62019.033891,1000,5.718053,-0.674641,22.160241,0.02204187731895163,22.098458212867378
576,1637219,LSST_y,62026.977575,1000,5.718053,-0.674641,21.429034,0.02204187731895163,22.33345052774694
577,1637235,LSST_y,62026.984739,1000,5.718053,-0.674641,21.459161,0.02204187731895163,22.33345052774694
578,1638120,LSST_y,62027.980178,1000,5.718053,-0.674641,21.704827,0.02204187731895163,22.33345052774694
579,1638122,LSST_y,62027.981073,1000,5.718053,-0.674641,21.708505,0.02204187731895163,22.33345052774694
580,1645124,LSST_g,62036.004462,1000,5.718053,-0.674641,24.558028,0.02204187731895163,20.80042234244885
581,1645166,LSST_g,62036.023782,1000,5.718053,-0.674641,24.622131,0.02204187731895163,20.80042234244885
582,1649105,LSST_z,62040.986695,1000,5.718053,-0.674641,21.672853,0.02204187731895163,22.098458212867378
583,1649135,LSST_z,62041.000138,1000,5.718053,-0.674641,21.700032,0.02204187731895163,22.098458212867378
584,1651279,LSST_z,62043.986222,1000,5.718053,-0.674641,21.94742,0.02204187731895163,22.098458212867378
585,1651304,LSST_z,62043.99754,1000,5.718053,-0.674641,21.968461,0.02204187731895163,22.098458212867378
586,1656741,LSST_i,62050.165487,1000,5.718053,-0.674641,23.249435,0.02204187731895163,21.788095142392795
587,1657413,LSST_r,62051.084782,1000,5.718053,-0.674641,24.261935,0.02204187731895163,21.362977237419194
588,1658239,LSST_r,62052.07348,1000,5.718053,-0.674641,24.761575,0.02204187731895163,21.362977237419194
589,1658277,LSST_r,62052.093004,1000,5.718053,-0.674641,24.43836,0.02204187731895163,21.362977237419194
590,1676360,LSST_i,62081.067888,1000,5.718053,-0.674641,23.656905,0.02204187731895163,21.788095142392795
591,1676388,LSST_i,62081.081022,1000,5.718053,-0.674641,23.346648,0.02204187731895163,21.788095142392795
592,1677137,LSST_r,62082.064331,1000,5.718053,-0.674641,24.547292,0.02204187731895163,21.362977237419194
593,1677168,LSST_r,62082.078477,1000,5.718053,-0.674641,24.50177,0.02204187731895163,21.362977237419194
594,1677227,LSST_r,62082.105379,1000,5.718053,-0.674641,24.254784,0.02204187731895163,21.362977237419194
595,1677251,LSST_r,62082.116701,1000,5.718053,-0.674641,24.002953,0.02204187731895163,21.362977237419194
596,1684456,LSST_u,62093.071034,1000,5.718053,-0.674641,22.979173,0.02204187731895163,20.22199548943686
597,1684693,LSST_g,62094.070018,1000,5.718053,-0.674641,24.330957,0.02204187731895163,20.80042234244885
598,1684721,LSST_g,62094.084065,1000,5.718053,-0.674641,24.26336,0.02204187731895163,20.80042234244885
599,1688297,LSST_i,62099.074937,1000,5.718053,-0.674641,23.043204,0.02204187731895163,21.788095142392795
600,1688989,LSST_i,62100.074358,1000,5.718053,-0.674641,22.557722,0.02204187731895163,21.788095142392795
601,1689015,LSST_i,62100.090415,1000,5.718053,-0.674641,22.464714,0.02204187731895163,21.788095142392795
602,1798288,LSST_r,62244.387423,1000,5.718053,-0.674641,24.308622,0.02204187731895163,21.362977237419194
603,1798326,LSST_r,62244.404764,1000,5.718053,-0.674641,24.395914,0.02204187731895163,21.362977237419194
604,1800289,LSST_z,62246.425613,1000,5.718053,-0.674641,22.16496,0.02204187731895163,22.098458212867378
605,1801127,LSST_i,62247.377205,1000,5.718053,-0.674641,23.71271,0.02204187731895163,21.788095142392795
606,1801164,LSST_i,62247.395095,1000,5.718053,-0.674641,23.802331,0.02204187731895163,21.788095142392795
607,1805953,LSST_y,62252.36513,1000,5.718053,-0.674641,21.549473,0.02204187731895163,22.33345052774694
608,1807945,LSST_y,62254.359342,1000,5.718053,-0.674641,21.615062,0.02204187731895163,22.33345052774694
609,1808032,LSST_y,62254.398504,1000,5.718053,-0.674641,21.747951,0.02204187731895163,22.33345052774694
610,1817161,LSST_g,62265.346391,1000,5.718053,-0.674641,24.458236,0.02204187731895163,20.80042234244885
611,1817201,LSST_g,62265.36461,1000,5.718053,-0.674641,24.535507,0.02204187731895163,20.80042234244885
612,1817829,LSST_r,62266.326895,1000,5.718053,-0.674641,24.429536,0.02204187731895163,21.362977237419194
613,1817860,LSST_r,62266.341445,1000,5.718053,-0.674641,24.495679,0.02204187731895163,21.362977237419194
614,1819917,LSST_u,62268.323527,1000,5.718053,-0.674641,23.396261,0.02204187731895163,20.22199548943686
615,1819923,LSST_u,62268.326215,1000,5.718053,-0.674641,23.414981,0.02204187731895163,20.22199548943686
616,1822956,LSST_r,62271.358837,1000,5.718053,-0.674641,24.577475,0.02204187731895163,21.362977237419194
617,1823000,LSST_r,62271.378992,1000,5.718053,-0.674641,24.638248,0.02204187731895163,21.362977237419194
618,1823848,LSST_g,62272.299181,1000,5.718053,-0.674641,24.544474,0.02204187731895163,20.80042234244885
619,1823875,LSST_g,62272.312092,1000,5.718053,-0.674641,24.625004,0.02204187731895163,20.80042234244885
620,1829160,LSST_z,62281.284866,1000,5.718053,-0.674641,22.492575,0.02204187731895163,22.098458212867378
621,1829200,LSST_z,62281.303336,1000,5.718053,-0.674641,22.61515,0.02204187731895163,22.098458212867378
622,1830764,LSST_y,62283.280282,1000,5.718053,-0.674641,21.619516,0.02204187731895163,22.33345052774694
623,1830768,LSST_y,62283.282072,1000,5.718053,-0.674641,21.626902,0.02204187731895163,22.33345052774694
624,1830886,LSST_y,62283.33504,1000,5.718053,-0.674641,21.79047,0.02204187731895163,22.33345052774694
625,1832961,LSST_y,62285.29395,1000,5.718053,-0.674641,21.79112,0.02204187731895163,22.33345052774694
626,1832971,LSST_y,62285.298433,1000,5.718053,-0.674641,21.805926,0.02204187731895163,22.33345052774694
627,1833021,LSST_y,62285.320843,1000,5.718053,-0.674641,21.869563,0.02204187731895163,22.33345052774694
628,1839082,LSST_i,62302.245769,1000,5.718053,-0.674641,23.582196,0.02204187731895163,21.788095142392795
629,1839115,LSST_i,62302.261061,1000,5.718053,-0.674641,23.646584,0.02204187731895163,21.788095142392795
630,1843993,LSST_i,62307.25463,1000,5.718053,-0.674641,23.472574,0.02204187731895163,21.788095142392795
631,1844017,LSST_i,62307.267265,1000,5.718053,-0.674641,23.638075,0.02204187731895163,21.788095142392795
632,1846056,LSST_z,62309.243884,1000,5.718053,-0.674641,22.72707,0.02204187731895163,22.098458212867378
633,1846084,LSST_z,62309.258324,1000,5.718053,-0.674641,22.800243,0.02204187731895163,22.098458212867378
634,1853216,LSST_i,62318.232129,1000,5.718053,-0.674641,23.204503,0.02204187731895163,21.788095142392795
635,1853253,LSST_i,62318.249791,1000,5.718053,-0.674641,23.251753,0.02204187731895163,21.788095142392795
636,1853613,LSST_i,62318.420449,1000,5.718053,-0.674641,23.229562,0.02204187731895163,21.788095142392795
637,1855897,LSST_r,62324.164261,1000,5.718053,-0.674641,24.272724,0.02204187731895163,21.362977237419194
638,1855932,LSST_r,62324.180092,1000,5.718053,-0.674641,24.356834,0.02204187731895163,21.362977237419194
639,1856984,LSST_u,62325.169128,1000,5.718053,-0.674641,22.959151,0.02204187731895163,20.22199548943686
640,1858073,LSST_u,62326.177286,1000,5.718053,-0.674641,23.239567,0.02204187731895163,20.22199548943686
641,1862206,LSST_i,62330.16339,1000,5.718053,-0.674641,23.503712,0.02204187731895163,21.788095142392795
642,1862247,LSST_i,62330.182115,1000,5.718053,-0.674641,23.58605,0.02204187731895163,21.788095142392795
643,1863330,LSST_g,62331.20063,1000,5.718053,-0.674641,24.371796,0.02204187731895163,20.80042234244885
644,1863367,LSST_g,62331.218062,1000,5.718053,-0.674641,24.424464,0.02204187731895163,20.80042234244885
645,1865279,LSST_r,62333.157182,1000,5.718053,-0.674641,23.910216,0.02204187731895163,21.362977237419194
646,1865316,LSST_r,62333.174127,1000,5.718053,-0.674641,23.985331,0.02204187731895163,21.362977237419194
647,1865362,LSST_r,62333.194708,1000,5.718053,-0.674641,24.059833,0.02204187731895163,21.362977237419194
648,1865397,LSST_r,62333.21087,1000,5.718053,-0.674641,24.106612,0.02204187731895163,21.362977237419194
649,1866313,LSST_y,62334.145168,1000,5.718053,-0.674641,21.327778,0.02204187731895163,22.33345052774694
650,1867321,LSST_y,62335.128412,1000,5.718053,-0.674641,21.717921,0.02204187731895163,22.33345052774694
651,1871773,LSST_z,62346.310779,1000,5.718053,-0.674641,22.43902,0.02204187731895163,22.098458212867378
652,1871809,LSST_z,62346.328012,1000,5.718053,-0.674641,22.403996,0.02204187731895163,22.098458212867378
653,1872358,LSST_i,62347.115853,1000,5.718053,-0.674641,23.298202,0.02204187731895163,21.788095142392795
654,1872401,LSST_i,62347.135579,1000,5.718053,-0.674641,23.334865,0.02204187731895163,21.788095142392795
655,1872794,LSST_i,62347.325414,1000,5.718053,-0.674641,23.347476,0.02204187731895163,21.788095142392795
656,1872837,LSST_i,62347.345986,1000,5.718053,-0.674641,23.289739,0.02204187731895163,21.788095142392795
657,1873394,LSST_r,62348.124277,1000,5.718053,-0.674641,23.606016,0.02204187731895163,21.362977237419194
658,1873434,LSST_r,62348.142754,1000,5.718053,-0.674641,23.601147,0.02204187731895163,21.362977237419194
659,1875095,LSST_r,62350.105326,1000,5.718053,-0.674641,24.25807,0.02204187731895163,21.362977237419194
660,1875139,LSST_r,62350.126215,1000,5.718053,-0.674641,24.354066,0.02204187731895163,21.362977237419194
661,1879053,LSST_r,62354.090623,1000,5.718053,-0.674641,24.230817,0.02204187731895163,21.362977237419194
662,1879092,LSST_r,62354.108904,1000,5.718053,-0.674641,24.319246,0.02204187731895163,21.362977237419194
663,1880038,LSST_u,62355.081631,1000,5.718053,-0.674641,22.807801,0.02204187731895163,20.22199548943686
664,1882100,LSST_u,62357.092547,1000,5.718053,-0.674641,23.039456,0.02204187731895163,20.22199548943686
665,1885598,LSST_r,62362.065028,1000,5.718053,-0.674641,23.813011,0.02204187731895163,21.362977237419194
666,1885644,LSST_r,62362.086874,1000,5.718053,-0.674641,23.932068,0.02204187731895163,21.362977237419194
667,1888248,LSST_z,62365.049032,1000,5.718053,-0.674641,22.934953,0.02204187731895163,22.098458212867378
668,1888288,LSST_z,62365.068465,1000,5.718053,-0.674641,23.039959,0.02204187731895163,22.098458212867378
669,1888351,LSST_z,62365.097192,1000,5.718053,-0.674641,23.16577,0.02204187731895163,22.098458212867378
670,1888386,LSST_z,62365.113382,1000,5.718053,-0.674641,23.223078,0.02204187731895163,22.098458212867378
671,1891133,LSST_y,62369.029254,1000,5.718053,-0.674641,21.450632,0.02204187731895163,22.33345052774694
672,1894151,LSST_y,62372.0277,1000,5.718053,-0.674641,21.471709,0.02204187731895163,22.33345052774694
673,1894167,LSST_y,62372.034886,1000,5.718053,-0.674641,21.503651,0.02204187731895163,22.33345052774694
674,1894179,LSST_y,62372.040255,1000,5.718053,-0.674641,21.525959,0.02204187731895163,22.33345052774694
675,1894210,LSST_y,62372.054147,1000,5.718053,-0.674641,21.578005,0.02204187731895163,22.33345052774694
676,1894826,LSST_y,62373.200564,1000,5.718053,-0.674641,21.800235,0.02204187731895163,22.33345052774694
677,1895881,LSST_i,62376.234914,1000,5.718053,-0.674641,22.988622,0.02204187731895163,21.788095142392795
678,1895915,LSST_i,62376.251112,1000,5.718053,-0.674641,22.945782,0.02204187731895163,21.788095142392795
679,1896223,LSST_r,62377.072176,1000,5.718053,-0.674641,23.953107,0.02204187731895163,21.362977237419194
680,1896268,LSST_r,62377.093218,1000,5.718053,-0.674641,23.778545,0.02204187731895163,21.362977237419194
681,1897034,LSST_g,62378.005384,1000,5.718053,-0.674641,23.969972,0.02204187731895163,20.80042234244885
682,1897062,LSST_g,62378.018192,1000,5.718053,-0.674641,24.053508,0.02204187731895163,20.80042234244885
683,1897171,LSST_g,62378.068578,1000,5.718053,-0.674641,24.29261,0.02204187731895163,20.80042234244885
684,1897213,LSST_g,62378.087906,1000,5.718053,-0.674641,24.352346,0.02204187731895163,20.80042234244885
685,1901555,LSST_r,62384.004271,1000,5.718053,-0.674641,23.758799,0.02204187731895163,21.362977237419194
686,1901585,LSST_r,62384.017692,1000,5.718053,-0.674641,23.828271,0.02204187731895163,21.362977237419194
687,1903579,LSST_u,62386.048681,1000,5.718053,-0.674641,23.141969,0.02204187731895163,20.22199548943686
688,1905688,LSST_i,62388.16234,1000,5.718053,-0.674641,23.204087,0.02204187731895163,21.788095142392795
689,1905717,LSST_i,62388.176092,1000,5.718053,-0.674641,23.190843,0.02204187731895163,21.788095142392795
690,1907151,LSST_z,62389.976302,1000,5.718053,-0.674641,21.748781,0.02204187731895163,22.098458212867378
691,1907194,LSST_z,62389.995718,1000,5.718053,-0.674641,22.907701,0.02204187731895163,22.098458212867378
692,1907324,LSST_i,62390.05568,1000,5.718053,-0.674641,23.670757,0.02204187731895163,21.788095142392795
693,1907369,LSST_i,62390.076616,1000,5.718053,-0.674641,23.675701,0.02204187731895163,21.788095142392795
694,1908099,LSST_z,62390.980241,1000,5.718053,-0.674641,21.983491,0.02204187731895163,22.098458212867378
695,1912930,LSST_y,62400.014209,1000,5.718053,-0.674641,21.753292,0.02204187731895163,22.33345052774694
696,1912932,LSST_y,62400.015108,1000,5.718053,-0.674641,21.755307,0.02204187731895163,22.33345052774694
697,1914540,LSST_z,62402.020749,1000,5.718053,-0.674641,21.946575,0.02204187731895163,22.098458212867378
698,1914571,LSST_z,62402.0348,1000,5.718053,-0.674641,21.9564,0.02204187731895163,22.098458212867378
699,1933174,LSST_z,62427.095213,1000,5.718053,-0.674641,22.366611,0.02204187731895163,22.098458212867378
700,1933224,LSST_z,62427.119648,1000,5.718053,-0.674641,22.308901,0.02204187731895163,22.098458212867378
701,1934708,LSST_y,62429.066976,1000,5.718053,-0.674641,21.960964,0.02204187731895163,22.33345052774694
702,1935589,LSST_y,62430.086109,1000,5.718053,-0.674641,21.870516,0.02204187731895163,22.33345052774694
703,1942170,LSST_z,62440.016359,1000,5.718053,-0.674641,22.221394,0.02204187731895163,22.098458212867378
704,1942366,LSST_r,62440.110832,1000,5.718053,-0.674641,24.361503,0.02204187731895163,21.362977237419194
705,1942394,LSST_r,62440.12391,1000,5.718053,-0.674641,24.305012,0.02204187731895163,21.362977237419194
706,1944591,LSST_i,62450.070737,1000,5.718053,-0.674641,23.337344,0.02204187731895163,21.788095142392795
707,1944631,LSST_i,62450.092015,1000,5.718053,-0.674641,23.268469,0.02204187731895163,21.788095142392795
708,1951650,LSST_y,62461.061709,1000,5.718053,-0.674641,21.545348,0.02204187731895163,22.33345052774694
709,1960011,LSST_y,62477.029275,1000,5.718053,-0.674641,21.299819,0.02204187731895163,22.33345052774694
710,1960026,LSST_y,62477.036005,1000,5.718053,-0.674641,21.274122,0.02204187731895163,22.33345052774694
711,2049827,LSST_y,62598.416365,1000,5.718053,-0.674641,21.395921,0.02204187731895163,22.33345052774694
712,2056910,LSST_z,62606.413377,1000,5.718053,-0.674641,22.211992,0.02204187731895163,22.098458212867378
713,2056931,LSST_z,62606.422825,1000,5.718053,-0.674641,22.237968,0.02204187731895163,22.098458212867378
714,2062477,LSST_i,62615.371928,1000,5.718053,-0.674641,23.151241,0.02204187731895163,21.788095142392795
715,2062514,LSST_i,62615.388775,1000,5.718053,-0.674641,23.237514,0.02204187731895163,21.788095142392795
716,2062580,LSST_z,62615.419803,1000,5.718053,-0.674641,22.21397,0.02204187731895163,22.098458212867378
717,2069943,LSST_i,62623.392833,1000,5.718053,-0.674641,23.944245,0.02204187731895163,21.788095142392795
718,2069977,LSST_i,62623.408276,1000,5.718053,-0.674641,23.992918,0.02204187731895163,21.788095142392795
719,2071840,LSST_i,62625.35923,1000,5.718053,-0.674641,23.80136,0.02204187731895163,21.788095142392795
720,2071888,LSST_i,62625.381216,1000,5.718053,-0.674641,23.89259,0.02204187731895163,21.788095142392795
721,2075802,LSST_r,62630.333497,1000,5.718053,-0.674641,23.88891,0.02204187731895163,21.362977237419194
722,2075846,LSST_r,62630.353317,1000,5.718053,-0.674641,23.984813,0.02204187731895163,21.362977237419194
723,2080923,LSST_y,62637.356856,1000,5.718053,-0.674641,21.357732,0.02204187731895163,22.33345052774694
724,2082382,LSST_y,62639.30114,1000,5.718053,-0.674641,21.127313,0.02204187731895163,22.33345052774694
725,2082431,LSST_y,62639.323153,1000,5.718053,-0.674641,21.212887,0.02204187731895163,22.33345052774694
726,2083213,LSST_z,62640.415575,1000,5.718053,-0.674641,22.288029,0.02204187731895163,22.098458212867378
727,2083256,LSST_z,62640.435764,1000,5.718053,-0.674641,21.859573,0.02204187731895163,22.098458212867378
728,2090554,LSST_r,62651.270832,1000,5.718053,-0.674641,24.029971,0.02204187731895163,21.362977237419194
729,2090583,LSST_r,62651.284107,1000,5.718053,-0.674641,24.09988,0.02204187731895163,21.362977237419194
730,2090658,LSST_r,62651.319131,1000,5.718053,-0.674641,24.244536,0.02204187731895163,21.362977237419194
731,2090692,LSST_r,62651.335089,1000,5.718053,-0.674641,24.293564,0.02204187731895163,21.362977237419194
732,2091551,LSST_r,62652.259351,1000,5.718053,-0.674641,23.91298,0.02204187731895163,21.362977237419194
733,2091595,LSST_r,62652.279943,1000,5.718053,-0.674641,24.027046,0.02204187731895163,21.362977237419194
734,2095309,LSST_i,62656.25564,1000,5.718053,-0.674641,23.389283,0.02204187731895163,21.788095142392795
735,2095335,LSST_i,62656.267776,1000,5.718053,-0.674641,23.452939,0.02204187731895163,21.788095142392795
736,2095371,LSST_i,62656.284226,1000,5.718053,-0.674641,23.528266,0.02204187731895163,21.788095142392795
737,2095408,LSST_i,62656.301835,1000,5.718053,-0.674641,23.595057,0.02204187731895163,21.788095142392795
738,2096578,LSST_g,62657.36545,1000,5.718053,-0.674641,24.471499,0.02204187731895163,20.80042234244885
739,2096630,LSST_g,62657.390638,1000,5.718053,-0.674641,24.491256,0.02204187731895163,20.80042234244885
740,2097889,LSST_z,62673.274366,1000,5.718053,-0.674641,22.541985,0.02204187731895163,22.098458212867378
741,2097920,LSST_z,62673.288748,1000,5.718053,-0.674641,22.574081,0.02204187731895163,22.098458212867378
742,2099115,LSST_r,62675.370221,1000,5.718053,-0.674641,24.441,0.02204187731895163,21.362977237419194
743,2099161,LSST_r,62675.393253,1000,5.718053,-0.674641,24.416787,0.02204187731895163,21.362977237419194
744,2099918,LSST_i,62676.258856,1000,5.718053,-0.674641,23.765231,0.02204187731895163,21.788095142392795
745,2099950,LSST_i,62676.273268,1000,5.718053,-0.674641,23.798252,0.02204187731895163,21.788095142392795
746,2102991,LSST_i,62679.242376,1000,5.718053,-0.674641,23.230795,0.02204187731895163,21.788095142392795
747,2103031,LSST_i,62679.26126,1000,5.718053,-0.674641,23.287151,0.02204187731895163,21.788095142392795
748,2104183,LSST_u,62680.293998,1000,5.718053,-0.674641,23.180941,0.02204187731895163,20.22199548943686
749,2104269,LSST_u,62680.332141,1000,5.718053,-0.674641,23.217942,0.02204187731895163,20.22199548943686
750,2105149,LSST_u,62681.238593,1000,5.718053,-0.674641,23.250989,0.02204187731895163,20.22199548943686
751,2105176,LSST_u,62681.250748,1000,5.718053,-0.674641,23.297128,0.02204187731895163,20.22199548943686
752,2107284,LSST_g,62683.259004,1000,5.718053,-0.674641,24.471934,0.02204187731895163,20.80042234244885
753,2107325,LSST_g,62683.280466,1000,5.718053,-0.674641,24.516812,0.02204187731895163,20.80042234244885
754,2108109,LSST_g,62686.175593,1000,5.718053,-0.674641,24.475593,0.02204187731895163,20.80042234244885
755,2108159,LSST_g,62686.201417,1000,5.718053,-0.674641,24.612603,0.02204187731895163,20.80042234244885
756,2114221,LSST_y,62697.139373,1000,5.718053,-0.674641,21.266224,0.02204187731895163,22.33345052774694
757,2114233,LSST_y,62697.144788,1000,5.718053,-0.674641,21.290054,0.02204187731895163,22.33345052774694
758,2118911,LSST_r,62707.118174,1000,5.718053,-0.674641,23.68461,0.02204187731895163,21.362977237419194
759,2118940,LSST_r,62707.131338,1000,5.718053,-0.674641,23.753805,0.02204187731895163,21.362977237419194
760,2120094,LSST_u,62710.139468,1000,5.718053,-0.674641,22.882103,0.02204187731895163,20.22199548943686
761,2120592,LSST_u,62711.123838,1000,5.718053,-0.674641,22.884167,0.02204187731895163,20.22199548943686
762,2122605,LSST_i,62716.089902,1000,5.718053,-0.674641,23.271325,0.02204187731895163,21.788095142392795
763,2122641,LSST_i,62716.107119,1000,5.718053,-0.674641,23.376366,0.02204187731895163,21.788095142392795
764,2123722,LSST_i,62717.134839,1000,5.718053,-0.674641,23.287023,0.02204187731895163,21.788095142392795
765,2123762,LSST_i,62717.153641,1000,5.718053,-0.674641,23.366988,0.02204187731895163,21.788095142392795
766,2124925,LSST_z,62719.087761,1000,5.718053,-0.674641,22.375425,0.02204187731895163,22.098458212867378
767,2124954,LSST_z,62719.101164,1000,5.718053,-0.674641,22.44913,0.02204187731895163,22.098458212867378
768,2132567,LSST_r,62732.0498,1000,5.718053,-0.674641,24.260343,0.02204187731895163,21.362977237419194
769,2132596,LSST_r,62732.063147,1000,5.718053,-0.674641,24.330517,0.02204187731895163,21.362977237419194
770,2132743,LSST_r,62732.131305,1000,5.718053,-0.674641,24.380043,0.02204187731895163,21.362977237419194
771,2132792,LSST_r,62732.153992,1000,5.718053,-0.674641,24.411239,0.02204187731895163,21.362977237419194
772,2137922,LSST_u,62738.045095,1000,5.718053,-0.674641,22.919571,0.02204187731895163,20.22199548943686
773,2140861,LSST_u,62741.05072,1000,5.718053,-0.674641,23.187804,0.02204187731895163,20.22199548943686
774,2141766,LSST_i,62742.022247,1000,5.718053,-0.674641,23.31543,0.02204187731895163,21.788095142392795
775,2141806,LSST_i,62742.040305,1000,5.718053,-0.674641,23.406122,0.02204187731895163,21.788095142392795
776,2142739,LSST_i,62743.024573,1000,5.718053,-0.674641,23.476146,0.02204187731895163,21.788095142392795
777,2142776,LSST_i,62743.041504,1000,5.718053,-0.674641,23.557553,0.02204187731895163,21.788095142392795
778,2143773,LSST_g,62744.065198,1000,5.718053,-0.674641,24.529972,0.02204187731895163,20.80042234244885
779,2143821,LSST_g,62744.087479,1000,5.718053,-0.674641,24.599625,0.02204187731895163,20.80042234244885
780,2145143,LSST_i,62746.036695,1000,5.718053,-0.674641,23.74007,0.02204187731895163,21.788095142392795
781,2145167,LSST_i,62746.047494,1000,5.718053,-0.674641,23.787744,0.02204187731895163,21.788095142392795
782,2147734,LSST_z,62750.008004,1000,5.718053,-0.674641,22.643122,0.02204187731895163,22.098458212867378
783,2147770,LSST_z,62750.024251,1000,5.718053,-0.674641,22.719264,0.02204187731895163,22.098458212867378
784,2148618,LSST_y,62750.997118,1000,5.718053,-0.674641,21.604698,0.02204187731895163,22.33345052774694
785,2151397,LSST_y,62753.974958,1000,5.718053,-0.674641,21.191954,0.02204187731895163,22.33345052774694
786,2151507,LSST_y,62754.024392,1000,5.718053,-0.674641,21.530929,0.02204187731895163,22.33345052774694
787,2153366,LSST_y,62756.0009,1000,5.718053,-0.674641,21.454413,0.02204187731895163,22.33345052774694
788,2153374,LSST_y,62756.004489,1000,5.718053,-0.674641,21.466902,0.02204187731895163,22.33345052774694
789,2154971,LSST_z,62758.015303,1000,5.718053,-0.674641,22.909996,0.02204187731895163,22.098458212867378
790,2155006,LSST_z,62758.031087,1000,5.718053,-0.674641,22.853308,0.02204187731895163,22.098458212867378
791,2155073,LSST_z,62758.061726,1000,5.718053,-0.674641,22.855101,0.02204187731895163,22.098458212867378
792,2155106,LSST_z,62758.076795,1000,5.718053,-0.674641,22.843297,0.02204187731895163,22.098458212867378
793,2155784,LSST_y,62758.980374,1000,5.718053,-0.674641,21.586765,0.02204187731895163,22.33345052774694
794,2155786,LSST_y,62758.98127,1000,5.718053,-0.674641,21.590383,0.02204187731895163,22.33345052774694
795,2155821,LSST_y,62758.996992,1000,5.718053,-0.674641,21.797014,0.02204187731895163,22.33345052774694
796,2155829,LSST_g,62759.001919,1000,5.718053,-0.674641,24.694481,0.02204187731895163,20.80042234244885
797,2155862,LSST_g,62759.016771,1000,5.718053,-0.674641,24.757925,0.02204187731895163,20.80042234244885
798,2162720,LSST_r,62767.003888,1000,5.718053,-0.674641,24.128679,0.02204187731895163,21.362977237419194
799,2162766,LSST_r,62767.024662,1000,5.718053,-0.674641,24.193904,0.02204187731895163,21.362977237419194
800,2162873,LSST_r,62767.074567999996,1000,5.718053,-0.674641,24.27748,0.02204187731895163,21.362977237419194
801,2162913,LSST_r,62767.094246,1000,5.718053,-0.674641,24.287933,0.02204187731895163,21.362977237419194
802,2171702,LSST_z,62781.079461,1000,5.718053,-0.674641,22.650234,0.02204187731895163,22.098458212867378
803,2171752,LSST_z,62781.10641,1000,5.718053,-0.674641,22.629023,0.02204187731895163,22.098458212867378
804,2172835,LSST_z,62783.021136,1000,5.718053,-0.674641,22.491801,0.02204187731895163,22.098458212867378
805,2172883,LSST_z,62783.044783,1000,5.718053,-0.674641,22.503126,0.02204187731895163,22.098458212867378
806,2182330,LSST_r,62795.097219,1000,5.718053,-0.674641,24.424535,0.02204187731895163,21.362977237419194
807,2182356,LSST_r,62795.10949,1000,5.718053,-0.674641,24.392477,0.02204187731895163,21.362977237419194
808,2189134,LSST_r,62804.130262,1000,5.718053,-0.674641,24.594443,0.02204187731895163,21.362977237419194
809,2189184,LSST_r,62804.154506,1000,5.718053,-0.674641,24.480656,0.02204187731895163,21.362977237419194
810,2197842,LSST_y,62825.022423,1000,5.718053,-0.674641,21.730257,0.02204187731895163,22.33345052774694
811,2203063,LSST_r,62834.056445,1000,5.718053,-0.674641,24.01937,0.02204187731895163,21.362977237419194
812,2203095,LSST_r,62834.071139,1000,5.718053,-0.674641,23.946699,0.02204187731895163,21.362977237419194
813,2205493,LSST_y,62838.045814,1000,5.718053,-0.674641,21.718036,0.02204187731895163,22.33345052774694
814,2207321,LSST_y,62841.046108,1000,5.718053,-0.674641,21.614481,0.02204187731895163,22.33345052774694
815,2208039,LSST_z,62842.04203,1000,5.718053,-0.674641,21.849286,0.02204187731895163,22.098458212867378
816,2208073,LSST_z,62842.057766,1000,5.718053,-0.674641,22.269491,0.02204187731895163,22.098458212867378
817,2285152,LSST_y,62963.414882,1000,5.718053,-0.674641,21.329377,0.02204187731895163,22.33345052774694
818,2295014,LSST_i,62975.38944,1000,5.718053,-0.674641,23.697351,0.02204187731895163,21.788095142392795
819,2305390,LSST_z,62995.389231,1000,5.718053,-0.674641,22.756095,0.02204187731895163,22.098458212867378
820,2305412,LSST_z,62995.39929,1000,5.718053,-0.674641,22.787518,0.02204187731895163,22.098458212867378
821,2311833,LSST_u,63005.309477,1000,5.718053,-0.674641,23.067672,0.02204187731895163,20.22199548943686
822,2313895,LSST_i,63010.337841,1000,5.718053,-0.674641,23.347986,0.02204187731895163,21.788095142392795
823,2313926,LSST_i,63010.352001,1000,5.718053,-0.674641,23.390423,0.02204187731895163,21.788095142392795
824,2314033,LSST_i,63010.40175,1000,5.718053,-0.674641,23.483596,0.02204187731895163,21.788095142392795
825,2314369,LSST_g,63012.424322,1000,5.718053,-0.674641,22.513791,0.02204187731895163,20.80042234244885
826,2317074,LSST_r,63015.272422,1000,5.718053,-0.674641,24.072189,0.02204187731895163,21.362977237419194
827,2317121,LSST_r,63015.295206,1000,5.718053,-0.674641,24.188854,0.02204187731895163,21.362977237419194
828,2319763,LSST_g,63018.355653,1000,5.718053,-0.674641,24.438088,0.02204187731895163,20.80042234244885
829,2319803,LSST_g,63018.374178,1000,5.718053,-0.674641,24.467951,0.02204187731895163,20.80042234244885
830,2322666,LSST_z,63021.255238,1000,5.718053,-0.674641,22.170988,0.02204187731895163,22.098458212867378
831,2322693,LSST_z,63021.268113,1000,5.718053,-0.674641,22.24378,0.02204187731895163,22.098458212867378
832,2323516,LSST_y,63022.372568,1000,5.718053,-0.674641,21.978561,0.02204187731895163,22.33345052774694
833,2324266,LSST_z,63023.249459,1000,5.718053,-0.674641,22.02903,0.02204187731895163,22.098458212867378
834,2324297,LSST_z,63023.263406,1000,5.718053,-0.674641,22.10661,0.02204187731895163,22.098458212867378
835,2325054,LSST_g,63031.268487,1000,5.718053,-0.674641,24.4296,0.02204187731895163,20.80042234244885
836,2325083,LSST_g,63031.282585,1000,5.718053,-0.674641,24.452557,0.02204187731895163,20.80042234244885
837,2326768,LSST_i,63036.29481,1000,5.718053,-0.674641,23.897018,0.02204187731895163,21.788095142392795
838,2326801,LSST_i,63036.310049,1000,5.718053,-0.674641,23.926699,0.02204187731895163,21.788095142392795
839,2328701,LSST_r,63040.230033,1000,5.718053,-0.674641,24.380969,0.02204187731895163,21.362977237419194
840,2328738,LSST_r,63040.247847,1000,5.718053,-0.674641,24.45266,0.02204187731895163,21.362977237419194
841,2333702,LSST_y,63047.180145,1000,5.718053,-0.674641,21.510267,0.02204187731895163,22.33345052774694
842,2333729,LSST_y,63047.192219,1000,5.718053,-0.674641,21.56203,0.02204187731895163,22.33345052774694
843,2335594,LSST_y,63049.177373,1000,5.718053,-0.674641,21.616917,0.02204187731895163,22.33345052774694
844,2339258,LSST_i,63057.37231,1000,5.718053,-0.674641,23.470505,0.02204187731895163,21.788095142392795
845,2339296,LSST_i,63057.390726,1000,5.718053,-0.674641,23.42558,0.02204187731895163,21.788095142392795
846,2339980,LSST_i,63061.224244,1000,5.718053,-0.674641,23.795382,0.02204187731895163,21.788095142392795
847,2340011,LSST_i,63061.239079,1000,5.718053,-0.674641,23.826063,0.02204187731895163,21.788095142392795
848,2340840,LSST_i,63062.146208,1000,5.718053,-0.674641,23.648203,0.02204187731895163,21.788095142392795
849,2340868,LSST_i,63062.159134,1000,5.718053,-0.674641,23.714669,0.02204187731895163,21.788095142392795
850,2340909,LSST_i,63062.177771,1000,5.718053,-0.674641,23.796755,0.02204187731895163,21.788095142392795
851,2340943,LSST_i,63062.194357,1000,5.718053,-0.674641,23.856768,0.02204187731895163,21.788095142392795
852,2342342,LSST_r,63064.134254,1000,5.718053,-0.674641,23.777421,0.02204187731895163,21.362977237419194
853,2342369,LSST_r,63064.146412,1000,5.718053,-0.674641,23.84579,0.02204187731895163,21.362977237419194
854,2344471,LSST_r,63067.155491,1000,5.718053,-0.674641,24.013697,0.02204187731895163,21.362977237419194
855,2344508,LSST_r,63067.173061,1000,5.718053,-0.674641,24.085124,0.02204187731895163,21.362977237419194
856,2345516,LSST_r,63068.167239,1000,5.718053,-0.674641,24.128957,0.02204187731895163,21.362977237419194
857,2345539,LSST_r,63068.177789,1000,5.718053,-0.674641,24.166778,0.02204187731895163,21.362977237419194
858,2348160,LSST_i,63071.113236,1000,5.718053,-0.674641,23.413567,0.02204187731895163,21.788095142392795
859,2348188,LSST_i,63071.126212,1000,5.718053,-0.674641,23.498324,0.02204187731895163,21.788095142392795
860,2349885,LSST_z,63073.101886,1000,5.718053,-0.674641,22.87145,0.02204187731895163,22.098458212867378
861,2349923,LSST_z,63073.119781,1000,5.718053,-0.674641,22.991243,0.02204187731895163,22.098458212867378
862,2351433,LSST_y,63077.109777,1000,5.718053,-0.674641,21.681076,0.02204187731895163,22.33345052774694
863,2354316,LSST_y,63080.099207,1000,5.718053,-0.674641,21.401966,0.02204187731895163,22.33345052774694
864,2357282,LSST_y,63083.27279,1000,5.718053,-0.674641,21.591638,0.02204187731895163,22.33345052774694
865,2357285,LSST_y,63083.274152,1000,5.718053,-0.674641,21.590438,0.02204187731895163,22.33345052774694
866,2357295,LSST_y,63083.279113,1000,5.718053,-0.674641,21.585802,0.02204187731895163,22.33345052774694
867,2359980,LSST_g,63086.121406,1000,5.718053,-0.674641,24.409477,0.02204187731895163,20.80042234244885
868,2362158,LSST_u,63092.114705,1000,5.718053,-0.674641,23.458535,0.02204187731895163,20.22199548943686
869,2363068,LSST_u,63093.061292,1000,5.718053,-0.674641,22.973554,0.02204187731895163,20.22199548943686
870,2363079,LSST_u,63093.066354,1000,5.718053,-0.674641,23.010049,0.02204187731895163,20.22199548943686
871,2363100,LSST_u,63093.076005,1000,5.718053,-0.674641,23.074011,0.02204187731895163,20.22199548943686
872,2363370,LSST_u,63094.071579,1000,5.718053,-0.674641,23.115901,0.02204187731895163,20.22199548943686
873,2364873,LSST_r,63096.079286,1000,5.718053,-0.674641,24.456859,0.02204187731895163,21.362977237419194
874,2364917,LSST_r,63096.100142,1000,5.718053,-0.674641,24.5371,0.02204187731895163,21.362977237419194
875,2366517,LSST_i,63100.064304,1000,5.718053,-0.674641,23.757131,0.02204187731895163,21.788095142392795
876,2366552,LSST_i,63100.080794,1000,5.718053,-0.674641,23.835525,0.02204187731895163,21.788095142392795
877,2367180,LSST_g,63101.050651,1000,5.718053,-0.674641,23.930305,0.02204187731895163,20.80042234244885
878,2367219,LSST_g,63101.068691,1000,5.718053,-0.674641,24.02815,0.02204187731895163,20.80042234244885
879,2368119,LSST_y,63102.030401,1000,5.718053,-0.674641,21.77458,0.02204187731895163,22.33345052774694
880,2371375,LSST_y,63110.182028,1000,5.718053,-0.674641,21.577084,0.02204187731895163,22.33345052774694
881,2372391,LSST_z,63111.19759,1000,5.718053,-0.674641,22.307768,0.02204187731895163,22.098458212867378
882,2372436,LSST_z,63111.218993,1000,5.718053,-0.674641,22.276966,0.02204187731895163,22.098458212867378
883,2375754,LSST_r,63115.000824,1000,5.718053,-0.674641,23.878158,0.02204187731895163,21.362977237419194
884,2375786,LSST_r,63115.015383,1000,5.718053,-0.674641,23.953588,0.02204187731895163,21.362977237419194
885,2376499,LSST_g,63117.040241,1000,5.718053,-0.674641,24.60049,0.02204187731895163,20.80042234244885
886,2376542,LSST_g,63117.060026,1000,5.718053,-0.674641,24.666491,0.02204187731895163,20.80042234244885
887,2378755,LSST_z,63120.979621,1000,5.718053,-0.674641,21.777661,0.02204187731895163,22.098458212867378
888,2378792,LSST_z,63120.996393,1000,5.718053,-0.674641,22.918223,0.02204187731895163,22.098458212867378
889,2380644,LSST_r,63123.004703,1000,5.718053,-0.674641,24.383255,0.02204187731895163,21.362977237419194
890,2380684,LSST_r,63123.022999,1000,5.718053,-0.674641,24.455676,0.02204187731895163,21.362977237419194
891,2389148,LSST_y,63136.982335,1000,5.718053,-0.674641,21.643165,0.02204187731895163,22.33345052774694
892,2389176,LSST_y,63136.994942,1000,5.718053,-0.674641,21.67459,0.02204187731895163,22.33345052774694
893,2390233,LSST_z,63139.114187,1000,5.718053,-0.674641,22.416326,0.02204187731895163,22.098458212867378
894,2390283,LSST_z,63139.138329,1000,5.718053,-0.674641,22.377434,0.02204187731895163,22.098458212867378
895,2392916,LSST_y,63143.999221,1000,5.718053,-0.674641,21.444875,0.02204187731895163,22.33345052774694
896,2396305,LSST_y,63148.00292,1000,5.718053,-0.674641,21.531079,0.02204187731895163,22.33345052774694
897,2399659,LSST_i,63152.016434,1000,5.718053,-0.674641,23.20239,0.02204187731895163,21.788095142392795
898,2399688,LSST_i,63152.029671,1000,5.718053,-0.674641,23.212452,0.02204187731895163,21.788095142392795
899,2399817,LSST_i,63152.093429,1000,5.718053,-0.674641,23.183451,0.02204187731895163,21.788095142392795
900,2399850,LSST_i,63152.108544,1000,5.718053,-0.674641,23.157382,0.02204187731895163,21.788095142392795
901,2399881,LSST_i,63152.122597,1000,5.718053,-0.674641,23.12617,0.02204187731895163,21.788095142392795
902,2399911,LSST_i,63152.1362,1000,5.718053,-0.674641,23.089336,0.02204187731895163,21.788095142392795
903,2406183,LSST_z,63159.998618,1000,5.718053,-0.674641,21.848788,0.02204187731895163,22.098458212867378
904,2406214,LSST_z,63160.012627,1000,5.718053,-0.674641,21.854206,0.02204187731895163,22.098458212867378
905,2422182,LSST_r,63189.052455,1000,5.718053,-0.674641,23.867882,0.02204187731895163,21.362977237419194
906,2422220,LSST_r,63189.070841,1000,5.718053,-0.674641,23.802184,0.02204187731895163,21.362977237419194
907,2427916,LSST_y,63197.033893,1000,5.718053,-0.674641,21.628319,0.02204187731895163,22.33345052774694
908,2427922,LSST_y,63197.036585,1000,5.718053,-0.674641,21.620628,0.02204187731895163,22.33345052774694
909,2428707,LSST_z,63198.054919,1000,5.718053,-0.674641,21.889105,0.02204187731895163,22.098458212867378
910,2428750,LSST_z,63198.075284,1000,5.718053,-0.674641,21.762636,0.02204187731895163,22.098458212867378
911,2434258,LSST_y,63207.043279,1000,5.718053,-0.674641,21.304645,0.02204187731895163,22.33345052774694
